n	corpus	form	gloss	context	verdict
1	bavli	מידי	דבר מה	אבנים שלמות אמר רחמנא אלא דמחית ⟨מידי⟩ מתותיה ושקיל ליה ה"נ דמחית מידי	correct
2	bavli	ליה	לו	דחזא בעל דיניה יקרא דקא עביד ⟨ליה⟩ איסתתם טענתיה	correct
3	bavli	אמר	אמר	אמר ליה אין חטפי ודידי חטפי ⟨אמר⟩ רבי אמי	correct
4	bavli	מיניה	ממנו	לאפוקי מאי לאו לאפוקי דאי גנבה ⟨מיניה⟩ מיגנב אמר ליה לא לאפוקי דאי	correct
5	bavli	ותו	ועוד	בקהל כהונה ואסורים לבא זה בזה ⟨ותו⟩ הא מותר אסור והרי גר שמותר	correct
6	bavli	לקי	לוקה	לאו למעוטי אכלתי ולא אכלתי דלא ⟨לקי⟩	correct
7	bavli	השתא	עכשיו	נטמא למאן קתני לרבי אליעזר פשיטא ⟨השתא⟩ יש לומר אבוד ושרוף דליתנהו מכשיר	correct
8	bavli	מתני	שונה	מר זוטרא מתני לקולא ורב אשי ⟨מתני⟩ לחומרא הלכתא כמאן א"ל הלכה כמר	correct
9	bavli	בר	בן	במערבא מתני הכי אמר רב יעקב ⟨בר⟩ אחא אמר רב אשי שלמים ששחטן	correct
10	bavli	ואי	ואם	⟨ואי⟩ כתב רחמנא חטא הוה אמינא אפילו	correct
11	bavli	הא	זה · הלא	עני היה באותה שעה טעמא דעני ⟨הא⟩ עשיר משלם	correct
12	bavli	ואי	ואם	עשה בה זו מצות לא תעשה ⟨ואי⟩ סלקא דעתך בעבודת כוכבים עשה בעבודת	correct
13	bavli	מאי	מה	מכל מקום לאתויי ⟨מאי⟩ לאתויי סוכת רקב"ש דתנו רבנן סוכת	correct
14	bavli	סבר	חשב	במאי קמיפלגי ר"מ ⟨סבר⟩ אין אדם מוציא דבריו לבטלה יודע	correct
15	bavli	מיניה	ממנו	לשלשה ישראל מאי טעמא ההוא דנפל ⟨מיניה⟩ מיאש מימר אמר מכדי איניש אחרינא	correct
16	bavli	בתר	אחר	בתר מעשיו ורבא אמר חייב זיל ⟨בתר⟩ מחשבתו	correct
17	bavli	דאמר	שאמר	ירמיה הא מני רבי אליעזר היא ⟨דאמר⟩ מחשבין מאכילת אדם לאכילת מזבח ומאכילת	correct
18	bavli	הלכתא	הלכה	אמר רבא ⟨הלכתא⟩ נינהו ואסמכינהו רבנן אקראי הי הלכתא	correct
19	bavli	דאמרי	שאומרים	והרגו הזאב אמר רב פפא היינו ⟨דאמרי⟩ אינשי כרכושתא ושונרא עבדו הלולא מתרבא	correct
20	bavli	אמר	אמר	רבי יוחנן ⟨אמר⟩ הא מני ר"ש היא דאמר קדשים	correct
21	bavli	אמר	אמר	א"ל רבי יוחנן אמרה ⟨אמר⟩ ליה אין תנא מיניה ארבעין זמנין	correct
22	bavli	ליה	לו	אמר ⟨ליה⟩ רב אשי לא תדחייה מה לי	correct
23	bavli	אמר	אמר	קטן ואפי' חובר לנחשים ועקרבים חייב ⟨אמר⟩ אביי האי מאן דבעי למיצמד זיבורא	correct
24	bavli	דלא	שלא	מטעמיה דאילו ר"ש סבר אף ע"ג ⟨דלא⟩ שכיח שרי ורב סבר אי שכיח	correct
25	bavli	ואי	ואם	מסתפקא לך מילתא בנגעים עיין בקראי ⟨ואי⟩ מסתפקא לך מילתא באהלות עיין במתניתין	correct
26	bavli	ליה	לו	חדא שמיעא ליה מאבוה וחדא שמיעא ⟨ליה⟩ מלוי ולא ידעינן הי מאבוה הי	correct
27	bavli	בריה	בנו	זוזי ועבדי בהו מלאכה א"ל רבה ⟨בריה⟩ מ"ט עביד מר הכי א"ל דאמר	correct
28	bavli	דהא	שהרי	⟨דהא⟩ פרד בן סוסיא אחי פרדה יוכיח	correct
29	bavli	ואמאי	ולמה, מדוע	⟨ואמאי⟩ לימא עמוד חטא בשביל שתזכה	correct
30	bavli	דהא	שהרי	אלא משום דלא מסתייעא מילתא למימרא ⟨דהא⟩ אנא הוה גמירנא ליה להא דרב	correct
31	bavli	דאמר	שאמר	תנאי היא ואמר אביי מסתברא כמאן ⟨דאמר⟩ פנימה שהיא חוצה לו דתנן מלמדין	correct
32	bavli	בהו	בהם	אי דעצרת דתורת כהנים הויה כתיב ⟨בהו⟩	correct
33	bavli	רחמנא	אלהים	אבל אסור בנעילת הסנדל מדקאמר ליה ⟨רחמנא⟩ ליחזקאל יחזקאל כד יז ונעליך תשים	correct
34	bavli	דאמר	שאמר	אי כר' ישמעאל ⟨דאמר⟩ בעלי חובות נינהו האי אחרון אחרון	correct
35	bavli	אמר	אמר	אמר רב יהודה ⟨אמר⟩ שמואל מאי דכתיב חבקוק א יד	correct
36	bavli	אמינא	אני אומר	נכתב ובפני נחתם אי מההיא הוה ⟨אמינא⟩ הני מילי דיעבד אבל לכתחילה לא	correct
37	bavli	דאמרינן	שאנו אומרים	מאי קא משמע לן ⟨דאמרינן⟩ דופן עקומה היינו הך	correct
38	bavli	אי	אם	רב אחא בריה דרבא לרב אשי ⟨אי⟩ אצטריך ליה לאיניש למיקרי גברא מבי	correct
39	bavli	כאן	פה, במקום זה	מבן ששים כפחות מבן כ' אף ⟨כאן⟩ יתר מבן ששים כפחות מבן עשרים	correct
40	bavli	היכא	היכן	ומודו נהרדעי ⟨היכא⟩ דאמר ליה של אבותי שלקחוה מאבותיך	correct
41	bavli	אמר	אמר	רב אשי ⟨אמר⟩ ראוי ליצטרע כתיב הכא ביד משה	correct
42	bavli	מנא	מנין	ופרסאי ⟨מנא⟩ לן דמיפת קאתו דכתיב בראשית י	correct
43	bavli	מהכא	מכאן	ואי בעית אימא ⟨מהכא⟩ בראשית לג יב ויאמר נסעה ונלכה	correct
44	bavli	מאי	מה	⟨מאי⟩ משמע אמר אביי א"כ ליכתוב רחמנא	correct
45	bavli	הכי	כן	אי ⟨הכי⟩ למחר אינו מקדש אמאי אין צריך	correct
46	bavli	אמריתה	אמרתה	אמר רב כהנא ⟨אמריתה⟩ לשמעתא קמיה דרב שימי בר אשי	correct
47	bavli	מסתברא	מסתבר	הכי נמי ⟨מסתברא⟩ מדקתני ובלבד שירבה בפסין ש"מ	correct
48	bavli	אמר	אמר	⟨אמר⟩ רבא מריש הוה אמינא האי כורסיא	correct
49	bavli	הני	במה דברים אמורים	אי מהתם הוה אמינא ⟨הני⟩ מילי הולכה דלא מעכבא כפרה אבל	correct
50	bavli	בהו	בהם	דנגעה בהו אף על גביהן דנגעה ⟨בהו⟩ אבל רובדי אילן פטור	correct
51	bavli	ורבנן	וחכמים	היכי דמי אילימא דאמר לה מהיום ⟨ורבנן⟩ צריכא למימר והתנן מהיום אם מתי	correct
52	bavli	דאמר	שאמר	ומנא תימרא ⟨דאמר⟩ ר' יוסי והלא במוקדשין האומר רגלה	correct
53	bavli	מנא	מנין הדברים האלה	⟨מנא⟩ הני מילי אמר רב יהודה דאמר	correct
54	bavli	אמר	אמר	⟨אמר⟩ להו רב הונא בר חיננא הכי	correct
55	bavli	כוותיה	כמוהו	ור' אלעזר ברבי שמעון סבר לה ⟨כוותיה⟩ דאבוה דאמר כל העומד לזרוק כזרוק	correct
56	bavli	רבנן	חכמים	אינו נשבע מנא הני מילי דתנו ⟨רבנן⟩	correct
57	bavli	חיישינן	אנו דואגים	חיישינן רב אשי אמר חיישינן והלכתא ⟨חיישינן⟩	correct
58	bavli	אמר	אמר	לי אבא בר רב חסדא הכי ⟨אמר⟩ זעירי הלכה כר"א	correct
59	bavli	אליבא	על פי	חובתו בחלה של מעשר שני בירושלים ⟨אליבא⟩ דר' יוסי הגלילי לא תיבעי לך	correct
60	bavli	ועביד	ועושה	לצפון יגמר חפינה ואתי לבית המקדש ⟨ועביד⟩ עבודה כולי יומא לבהדי פניא מדו	correct
61	zohar	דשמאלא	של שמאל	סדורא תניינא אתנגיד מסטרא ⟨דשמאלא⟩ פרישו דמיא בנגידו דאשא תקיפא ואתנטיל	correct
62	zohar	ובגין	ובגלל · ולפי, משום	ערב דא צלותא דערבית ⟨ובגין⟩ דבערב דא אתערב ביה סטרא אחרא	correct
63	zohar	קדישין	קדושים	נגד בני אדם ואחרא נגד עלאין ⟨קדישין⟩ א"ר שמעון גן עדן לעילא נגד	correct
64	zohar	בגלותא	בגלות	דהוה שדי אגוזיה דהיכלא והא אנן ⟨בגלותא⟩ לא אשתאר ביני אלא דא דביני	correct
65	zohar	ליחדא	לייחד	בני מהימנותא אינון דמשתדלי באורייתא וידעין ⟨ליחדא⟩ שמא קדישא כדקא יאות ושבחא דאינון	correct
66	zohar	ורוחא	ורוח	רוחא דכליל ברוחא אחרא עלאה דעליה ⟨ורוחא⟩ דא דכליל כליל ביה ההיא חיוותא	correct
67	zohar	שכינתא	שכינה	דא איהו שושן עדות דקיימא הכא ⟨שכינתא⟩ עלן ודרגין עלאין בהדה וסייעתא קדישא	correct
68	zohar	סטרא	צד	יומא ושלטא קדושה על עלמא ההוא ⟨סטרא⟩ אחרא אזעירת גרמה ואטמרת כל ליליא	correct
69	zohar	אמר	אמר	⟨אמר⟩ רבי אבא זכאין אינון ישראל דקב"ה	correct
70	zohar	כגוונא	כמו	קצה עלאה איהו בגין דאית קצה' ⟨כגוונא⟩ דא לתתא ואיהו עלמא תתאה ואקרי	correct
71	zohar	בגין	בגלל · לפי, משום	וגו' גלמי ראו עיניך מאי טעמא ⟨בגין⟩ דדיוקנא אחרא עלאה הוי כהאי ובגין	correct
72	zohar	דאינון	שהם	כך ישראל אע"ג ⟨דאינון⟩ נפקו מהיכליה דמלכא ההוא משכונא לא	correct
73	zohar	נהירו	אור	שלמה לחכמתא ואמר שיר השירים כדין ⟨נהירו⟩ אנפוי דמטרוניתא ואתי מלכא למשרי מדוריה	correct
74	zohar	חד	אחד	וכל ⟨חד⟩ וחד מאבהן ידע ליה לקב"ה מגו	correct
75	zohar	אצטריך	היה זקוק לדבר	דיליה אלא בנקיותא דגרמיה ועל דא ⟨אצטריך⟩ בר נש לפנאה גרמיה בקדמיתא עד	correct
76	zohar	תמן	שם	חנוך מטטרון דג"ע דלעילא דקב"ה לית ⟨תמן⟩ ערטומא למיהוי תמן נפתל ועקש ובגין	correct
77	zohar	דלא	שלא	אתקיפנא דלא ישתכחון ביני אנשא בגין ⟨דלא⟩ חיישו כל חכמאן לאסתכלא בהו וטען	correct
78	zohar	דא	זו	ממקורא דכלא מקורא דבירא מאן איהו ⟨דא⟩ צדיק מקורא דכלא דא איהו עלמא	correct
79	zohar	דאתמר	שנאמר	כדקא יאות נפקת ופרחת לגבייהו כמה ⟨דאתמר⟩ ובה אחדין כל אינון בנין ומשלחין	correct
80	zohar	ביה	בו	וכלא אתהדר ⟨ביה⟩ ובגין דא זובח לאלהים יחרם בלתי	correct
81	zohar	בגין	בגלל · לפי, משום	נהיר חכמתא דלעילא ולא אתנהיר אלא ⟨בגין⟩ שטותא דאתער מאתר אחרא ואלמלא האי	correct
82	zohar	באמצעיתא	באמצע	דכיון דאתקשר ביה באברהם אשתכח דאיהו ⟨באמצעיתא⟩ ולבתר הארץ אשר אתה שוכב עליה	correct
83	zohar	דתנינן	ששנינו	לר' פנחס בן יאיר דאיהו גבייכו ⟨דתנינן⟩ דכל אתר דצדיקא אתחדש ביה מלי	correct
84	zohar	דהוו	שהיו	אלא אינון בנוי דבלעם יונו"ס ויומברו"ס ⟨דהוו⟩ שקלי כשלשת אלפי איש	correct
85	zohar	לית	אין	בגיני כך ⟨לית⟩ חכמתא נפקא מבר נש דאיהו קשיא	correct
86	zohar	יימרון	יאמרו	אצטריך משה לממני כלא בגין דלא ⟨יימרון⟩ ישראל דאשתאר כספא ודהבא ואסתליק לנטלא	correct
87	zohar	זמין	מוכן ומזומן	לידייכו פרישו לה אמרו ליה קב"ה ⟨זמין⟩ לן ארחא דחיי אימא אנת	WRONG (withheld after the sample)
88	zohar	להאי	לזה, זאת	אמר לה ואומי לה דכד תיחות ⟨להאי⟩ עלמא דתשתדל באורייתא למנדע ליה ולמנדע	correct
89	zohar	אנת	אתה	ודוד ושלמה ובריכו ליה ואמרו ליה ⟨אנת⟩ בוצינא קדישא וחברייא דילך דאינון שית	correct
90	zohar	דא	זו	תבן ומוץ ותבן כחדא אזלין ועל ⟨דא⟩ פטור ממעשר דלית בהו חולקא בקדושה	correct
91	zohar	דכתיב	שכתוב	מתפרשין אורחין בעלמין כלהו הדא הוא ⟨דכתיב⟩ ומשם יפרד והיה לארבעה ראשים	correct
92	zohar	אי	אם	עת יכיל בר נש למעבד צדקה ⟨אי⟩ הכי תריסר שעתי ביומא מאן יכיל	correct
93	zohar	וההוא	וההוא	ההוא היכלא אתפשט פשיטו אור קדמאה ⟨וההוא⟩ פשיטו איהו לבושא לההוא היכלא דקיק	correct
94	zohar	כגוונא	כמו	⟨כגוונא⟩ דא ויהו"ה הולך לפניהם יומם לבתר	correct
95	zohar	הוה	היה	חדא ושלשלא חדא וכלא חד ולא ⟨הוה⟩ שנויא בגלגולא דזרעא דדוד ועל דא	correct
96	zohar	בריך	ברוך	גלי חוביה ואמר רבי שמעון קודשא ⟨בריך⟩ הוא ממש גלי חוביה חב בקודשא	correct
97	zohar	האי	זה, זאת	דאלו אספקלריאה דנהרא הוה שכיח על ⟨האי⟩ אספקלריאה דלא נהרא אתקיים עליה אברהם	correct
98	zohar	בגין	בגלל · לפי, משום	חלשא נינהו מאי טעמא אקרי חלשא ⟨בגין⟩ דארבעין שנין אתעני על ירושלם דלא	correct
99	zohar	אוקימנא	הקים, העמיד · קבע, הניח	מה דלא הות מקדמת דנא והא ⟨אוקימנא⟩ ולבתר דחב אדם ואתתא ואתא נחש	correct
100	zohar	דא	זו	למהוי טס לקטלא בני נשא ועל ⟨דא⟩ משלי ז כו כי רבים חללים	correct
101	zohar-chadash	דְּאִיהוּ	שהוא	נִקּוּדִין אִלֵּין אַחֲזֵי עַל עִלַּת הָעִלּוֹת ⟨דְּאִיהוּ⟩ רִאשׁוֹן וְאַחֲרוֹן הָדָא הוּא דִּכְתִיב ישעיהו	correct
102	zohar-chadash	אֵימָא	אם	אֲנַן סְבָרָא נִסְבּוֹר וְטִיבוּ לְמִינְדַע אַתְּ ⟨אֵימָא⟩ לָן אֲמַר לוֹן שְׁמַעְתּוּן הַאי מִילְּתָא	WRONG (withheld after the sample)
103	zohar-chadash	טָבָא	טוב	עַל שְׁמֵיהּ בָּרֶקֶת בְּגִין דְּהַאי אַבְנָא ⟨טָבָא⟩ מַרְגָּלִיתָא עִילָּאָה אִצְטַבַּע בִּתְרֵיסַר גְּוָונִין מְנַהֲרִין	correct
104	zohar-chadash	גּוֹ	תוך	עַל תְּמַנְסְרֵי אֶלֶף רִבּוֹא מַשִּׁרְיָין מְשַׁמְשִׁין ⟨גּוֹ⟩ קַרְקַע אָחֳרָא דְּאִיהוּ בִּנְהִירוּ דְּכָל גְּוָונִין	correct
105	zohar-chadash	אִיהִי	היא	לְאִתְכְּלָלָא בָּהּ אָחֳרָנִין קִרְיַת מֶלֶךְ רַב ⟨אִיהִי⟩ וְהַהוּא מֶלֶךְ רַב עִילָּאָה וְשַׁלִּיטָא בְּכָל	correct
106	zohar-chadash	בַּר	בן	הַכֹּל מַה דְּאִתְנְטִילוּ בעון רַחֲמֵי עָלַיְהוּ ⟨בַּר⟩ מִשֵּׁדִין וּמַזִּיקִין וְחֵילִין דִּמְסָאֲבוּ דְּאִתְּמַר בְּיִשְׂרָאֵל	WRONG (withheld after the sample)
107	zohar-chadash	בִּישִׁין	רעים	שְסָ"ה פִּקּוּדִין כְּחֻשְׁבַּן יְשֵׁנָ"ה דְּהָא חֵיוָן ⟨בִּישִׁין⟩ וְדֻבִּין קָא אַתְיָן לְמֵיכַל עָאנָא דְּקוּדְשָׁא	correct
108	zohar-chadash	לְהַאי	לזה, זאת	לָעוֹלָם מַאן דְּאָזִיל בְּאוֹרְחָא וִיכַוֵּין רוּחֵיהּ ⟨לְהַאי⟩ עִנְיָנָא כָּל בִּרְכְּתָא דְּבָרְכִין לֵיהּ מִתְקַיֶּימֶת	correct
109	zohar-chadash	דְיָמִינָא	של ימין	חַדְּרָא קַדְמָאָה אִיהוּ נְהִירוּ דְּנָהֵיר מִסִּטְרָא ⟨דְיָמִינָא⟩ נְהִירוּ דְּנָהֵיר מִסְּיָיפֵי עַלְמָא וְעַד סְיָיפֵי	correct
110	zohar-chadash	סִטְרָא	צד	רוּחָא לְגַבֵּי אַנְפִּין דְּהַהוּא דְּקָיְימָא לְהַהוּא ⟨סִטְרָא⟩ וְאִיהוּ נָטֵיל בְּקַדְמִיתָא וְכָלְהוֹ עִמֵּיהּ כַּחֲדָא	correct
111	tikkunei-zohar	אִיהוּ	הוא	צֵאתְךָ מֵאֶרֶץ מִצְרָיִם אַרְאֶנּוּ נִפְלָאוֹת וְדָא ⟨אִיהוּ⟩ כָּל הַבֵּן הַיִּלּוֹד הַיְאוֹרָה תַּשְׁלִיכוּהוּ וְכָל	correct
112	tikkunei-zohar	אֲמָרִית	אמרתי	נָע וָנָד תִּהְיֶה בָאָרֶץ דַּאֲנָא ⟨אֲמָרִית⟩ לְאָדָם וְיִרְדּוּ בִדְגַת הַיָּם וּבְעוֹף הַשָּׁמַיִם	correct
113	tikkunei-zohar	תַּמָּן	שם	בָּרָ"א תַּיִ"שׁ דָּא אֵילוֹ דְיִצְחָק בְּרֵאשִׁית ⟨תַּמָּן⟩ אֵ"שׁ לְעוֹלָה דְיִצְחָק וְרָזָא דְמִלָּה ועל	correct
114	tikkunei-zohar	בְגָלוּתָא	בגלות	כֵּן אִשְׁתְּמוֹדָע דְּכָל עָאקוּ דָא יְהֵא ⟨בְגָלוּתָא⟩ בַתְרָאָה אַמַּאי אִתְּמַר בראשית ד ב	correct
115	tikkunei-zohar	אַתְוָון	אותיות	שַׁבָּתוֹת וּבְהוֹן מ"ט יוֹמִין כְּחוּשְׁבַּן מ"ט ⟨אַתְוָון⟩ דִּקְרִיאַת שְׁמַע דְּאִינוּן שְׁמַע יִשְׂרָאֵל וכו'	correct
116	tikkunei-zohar	אַמַּאי	למה, מדוע	ז וַיִּיצֶר יהו"ה אלהי"ם אִם כֵּן ⟨אַמַּאי⟩ נָטִיל שִׁעוּרָא בְּמ' בְּגִין דְּאִיהִי שִׁעוּרָא	correct
117	tikkunei-zohar	בְּהַהִיא	באותה	⟨בְּהַהִיא⟩ זִמְנָא דְאִתְמַחִי צַלְמָא דַעֲבוֹדָה זָרָה דִיּוֹקְנָא	correct
118	tikkunei-zohar	גַּוָּונִין	צבע	עַל בִּרְיָין דְּעָלְמָא אַבְנָא כְּלִילָא מִתְּרֵין ⟨גַּוָּונִין⟩ חִוָּור וְסוּמָק אִיהִי מֵעַמּוּדָא דְאֶמְצָעִיתָא יָרוֹק	correct
119	tikkunei-zohar	אָתָא	בא	זֶה עִִשֶׂר פְּעָמִים וּבְגִין דָּא כַּד ⟨אָתָא⟩ אָדָם בְּגִלְגּוּל בְּאַבְרָהָם אִתְנַסִּי בֵּיהּ בְּעִִשֶׂר	correct
120	tikkunei-zohar	זִמְנִין	לפעמים	⟨זִמְנִין⟩ אִתְגַּלְיָא לוֹן בִּדְמוּת אַרְיֵה הֲדָא הוּא	correct
121	onkelos	יָת	את	עַל מְנַרְתָּא דָכִיתָא יַסְדַר ⟨יָת⟩ בּוֹצִינַיָא קֳדָם יְיָ תְּדִירָא	correct
122	onkelos	וּבְיוֹמָא	וביום	⟨וּבְיוֹמָא⟩ דְאִתָּקַם יָת מַשְׁכְּנָא חֲפָא עֲנָנָא יָת	correct
123	onkelos	מִן	מן	שָׁרָן לְשִׁבְטוֹהִי וּשְׁרַת עֲלוֹהִי רוּחַ נְבוּאָה ⟨מִן⟩ קֳדָם יְיָ	correct
124	onkelos	מְאָה	מאה	וּדְבַר שִׁתְּ ⟨מְאָה⟩ רְתִכִּין בְּחִירָן וְכֹל רְתִכֵּי מִצְרָאֵי וְגִבָּרִין	correct
125	onkelos	וְעַד	ועד	וְאִם מִבַּר חֲמֵשׁ שְׁנִין ⟨וְעַד⟩ בַּר עֶסְרִין שְׁנִין וִיהֵי פֻרְסָנֵהּ דְכוּרָא	correct
126	onkelos	וְתֵימַר	ותאמר	אֱלָהָךְ יָהֵב לָךְ וְתֵירְתַהּ וְתֵיתֵב בַּהּ ⟨וְתֵימַר⟩ אֱמַנִי עֲלַי מַלְכָּא כְּכָל עַמְמַיָא דִי	correct
127	onkelos	יָת	את	יְיָ עַל סַלָא דְפַטִּירַיָא וְיַעְבֵּד כַּהֲנָא ⟨יָת⟩ מִנְחָתֵהּ וְיָת נִסְכֵּהּ	correct
128	onkelos	יוֹמָא	יום	דְאַדְבֶּקְתּוּן בְּדַחַלְתָּא דַיְיָ אֱלָהֲכוֹן קַיָמִין כֻּלְכוֹן ⟨יוֹמָא⟩ דֵין	correct
129	onkelos	וְלָא	ולא	יָת כָּל פִּקוּדַיָא דַיְיָ וְתַעְבְּדוּן יָתְהוֹן ⟨וְלָא⟩ תִטְעוּן בָּתַר הִרְהוּר לִבְּכוֹן וּבָתַר חֵיזוּ	correct
130	onkelos	סְלִיק	עולה	תּוֹתַב עָרֵל דִי בֵינָךְ יְהֵי ⟨סְלִיק⟩ עֵיל מִנָךְ לְעֵלָא לְעֵלָא וְאַתְּ תְּהֵי	correct
131	onkelos	דִי	אשר	יָת יְקַר תָּקְפְּכוֹן וְאֶתֵּן יָת שְׁמַיָא ⟨דִי⟩ עִלָוֵיכוֹן תַּקִיפִין כְּפַרְזְלָא מִלַאֲחָתָא מִטְרָא וְאַרְעָא	correct
132	onkelos	מֵימְרָא	מאמר	חָזֵי יָת כָּל סָרְחָן בִּידֵהּ בְּדִי ⟨מֵימְרָא⟩ דַּיְיָ בְּסַעְדֵּהּ וְדִי הוּא עָבֵד יְיָ	correct
133	onkelos	עַד	עד	וְיָעֵק לָךְ בְּכָל קִרְוָיךְ ⟨עַד⟩ דְיִכְבַּשׁ שׁוּרָיךְ רָמַיָא וּכְרִיכַיָא דִי אַתְּ	correct
134	onkelos	דְסַהֲדוּתָא	של עדות	מִבָּרָא לְפָרֻכְתָּא ⟨דְסַהֲדוּתָא⟩ בְּמַשְׁכַּן זִמְנָא יַסְדַר יָתֵהּ אַהֲרֹן מֵרַמְשָׁא	correct
135	onkelos	דִי	אשר	וְלָא תְקַבְּלוּן מָמוֹן עַל אֱנַשׁ קָטוֹל ⟨דִי⟩ הוּא חַיָב לְמִקְטָל אֲרֵי אִתְקְטָלָא יִתְקְטֵל	correct
136	onkelos	קֳדָמַי	לפני	וְתַדְבְּרוּן אַף יָת דֵּין מִן ⟨קֳדָמַי⟩ וִיעַרְעִנֵּהּ מוֹתָא וְתַחֲתוּן יָת שִׂבְתִי בְּבִישְׁתָא	correct
137	onkelos	וְטוּרָא	וההר	וּקְרֶבְתּוּן וְקַמְתּוּן בְּשִׁפּוֹלֵי טוּרָא ⟨וְטוּרָא⟩ בָּעֵר בְּאֶשָׁתָא עַד צֵית שְׁמַיָא חֲשׁוֹכָא	correct
138	onkelos	כָּל	כל	חָכְמָא וְסוּכְלְתָנוּתָא בְּהוֹן לְמִדַע לְמֶעְבַּד יָת ⟨כָּל⟩ עִבִידַת פָלְחַן קוּדְשָׁא לְכֹל דִי פַקֵד	correct
139	onkelos	אֱנַשׁ	איש	לְכֹל דְּקָיְמִין עִלָּוֹהִי וּקְרָא אַפִּיקוּ כָל ⟨אֱנַשׁ⟩ מֵעִלָּוָי וְלָא קָם אֱנַשׁ עִמֵּהּ כַּד	correct
140	onkelos	וְיָת	ואת	⟨וְיָת⟩ רֶסֶן בֵּין נִינְוֵה וּבֵין כָּלַח הִיא	correct
141	onkelos	אֲנָא	אני	בְּאֹרַח כְּבִישָׁא נִסַק וְאִם מֵימַךְ נִשְׁתֵּי ⟨אֲנָא⟩ וּבְעִירַי וְאֶתֵּן דְמֵיהוֹן לְחוֹד לֵית פִּתְגַם	correct
142	onkelos	אֲרֵי	כי	פַּטִירָא כְּמָא דִפַקֵידִתָּךְ לִזְמַן יַרְחָא דַאֲבִיבָא ⟨אֲרֵי⟩ בֵהּ נְפַקְתָּ מִמִצְרָיִם וְלָא יִתְחֲזוּן קֳדָמַי	correct
143	onkelos	בְּכָל	בכל	עִבִידַת פָּלְחָן לָא תַעֲבְּדוּן קְיַם עָלָם ⟨בְּכָל⟩ מוֹתְבָנֵיכוֹן לְדָרֵיכוֹן	correct
144	onkelos	אַף	אף	עַמְמַיָא הָאִלֵין יָת טַעֲוָתְהוֹן וְאֶעְבֵּד כֵּן ⟨אַף⟩ אֲנָא	correct
145	onkelos	דִי	אשר	יָת בִּרְכָן ⟨דִי⟩ תְקַבְּלוּן לְפִקוּדַיָא דַיְיָ אֳלָהֲכוֹן דִי אֲנָא	correct
146	onkelos	אֲבוּהִי	אביו	לֵיהּ אַחִין וְתִתְּנוּן יָת אַחֲסַנְתֵּיהּ לְאֲחֵי ⟨אֲבוּהִי⟩	correct
147	onkelos	יָתְהוֹן	אותם	יָת מַשְׁכַּן זִמְנָא וּתְדַכֵּי יָתְהוֹן וּתְרֵים ⟨יָתְהוֹן⟩ אֲרָמָא	correct
148	onkelos	מִן	מן	וַאֲמַר לְהוֹן קְרִיבוּ טוּלוּ יָת אֲחֵיכוֹן ⟨מִן⟩ קֳדָם אַפֵּי קוּדְשָׁא לְמִבָּרָא לְּמַשְׁרִיתָא	correct
149	onkelos	וַהֲווֹ	והיו	⟨וַהֲווֹ⟩ כָּל יוֹמֵי שֵׁת תְּשַׁע מְאָה וְתַרְתֵּי	correct
150	onkelos	אַרְעָא	אדמה, ארץ	וְיָת רִגְלֵהּ לְמִרְכַּב עַל סוּסְיָא בְּכָל ⟨אַרְעָא⟩ דְמִצְרָיִם	correct
151	onkelos	עִמָּךְ	עמך	דְּנַן עֶסְרִין שְׁנִין אֲנָא ⟨עִמָּךְ⟩ רְחֵלָיךְ וְעִזָּיךְ לָא אַתְכִּילוּ וְדִכְרֵי עָנָךְ	correct
152	onkelos	קְיָם	ברית	וּגְזָרוּ ⟨קְיָם⟩ בִּבְאֵר שָׁבַע וְקָם אֲבִימֶלֶךְ וּפִיכֹל רַב	correct
153	onkelos	תּוֹרָא	שור	וְאוֹקִיד יָתֵהּ כְּמָא דִי אוֹקִיד יָת ⟨תּוֹרָא⟩ קַדְמָאָה חַטַאת קְהָלָא הוּא	correct
154	onkelos	לֵיהּ	לו	וַאֲמַר ⟨לֵיהּ⟩ אֱדוֹמָאָה לָא תְעִבַּר בִּתְחוּמִי דִלְמָא בִדְקָטְלִין	correct
155	onkelos	לְמֵימָר	לאמר	וּפַקִיד משֶׁה יָת בְּנֵי יִשְׂרָאֵל ⟨לְמֵימָר⟩ דָא אַרְעָא דְתִתְחַסְנוּן יָתַהּ בְּעַדְבָא דִי	correct
156	onkelos	יָתְהוֹן	אותם	יְיָ לַאֲבְהָתְהוֹן לְמִתַּן לְהוֹן וְאַתְּ תַּחְסְנִנַהּ ⟨יָתְהוֹן⟩	correct
157	onkelos	כְּעַן	עתה	עַד ⟨כְּעַן⟩ אַתְּ כְּבֵישַׁת בֵּהּ בְּעַמִי בְּדִיל דְלָא	correct
158	onkelos	יָת	את	וִיגַלַח נְזִירָא בִּתְרַע מַשְׁכַּן זִמְנָא ⟨יָת⟩ רֵישׁ נִזְרֵהּ וְיִסַב יָת שְׂעַר רֵישׁ	correct
159	onkelos	וְאַיְתִי	ובא	בִלְהָה וְעִם בְּנֵי זִלְפָּה נְשֵׁי אֲבוּהִי ⟨וְאַיְתִי⟩ יוֹסֵף יָת דִּבְּהוֹן בִּישָׁא לְוַת אֲבוּהוֹן	WRONG (withheld after the sample)
160	onkelos	בְּיוֹמֵי	בימי	בְּאַרְעָא בַּר מִכַּפְנָא קַדְמָאָה דִּי הֲוָה ⟨בְּיוֹמֵי⟩ אַבְרָהָם וַאֲזַל יִצְחָק לְוַת אֲבִימֶלֶךְ מַלְכָּא	correct
161	yerushalmi	תַּנִּינָן	שנינו	תַּמָּן ⟨תַּנִּינָן⟩ עַל לָפַּסִּים אִרוֹנִיּוֹת שֶׁהֵן טְהוֹרוֹת בְּאֹהֶל	correct
162	yerushalmi	לֵיהּ	לו	וּמִדְּלֵיהּ לְטִימְיוֹן אֲתָא גַּבֵּי רַב אֲמַר ⟨לֵיהּ⟩ צְלִי עָלַי דּוּ נַפְשִׁי תַחֲזוֹר צְלֵי	correct
163	yerushalmi	בַּר	אדם	הלכה אֵין מוֹשִׁיבִין חֶנְוָונִי כול׳ חַד ⟨בַּר⟩ נַשׁ אַשְׁאַל לְחַבְרֵיהּ דֵּינָרִין אֲמַר לֵיהּ	correct
164	yerushalmi	עֲלוֹי	עליו	לְרִבִּי בְּרֶכְיָה סַב וַחֲתִים וְלָא קְבִיל ⟨עֲלוֹי⟩ מִן דְּקָמוּן קָם רִבִּי מָנָא עִם	correct
165	yerushalmi	אָמַר	אמר	צָרִיךְ כַּוָּונָה אֶלָּא פָּסוּק הָרִאשׁוֹן בִּלְבַד ⟨אָמַר⟩ לֵיהּ אָדָא יְתַנֶּה עַד וְשִׁנַּנְתָּם	correct
166	yerushalmi	אָמַר	אמר	כַּמָּה וְכַמָּה רִבִּי חִינְנָא בַּר פַּפָּא ⟨אָמַר⟩ בְּקִירוֹת בֵּית הַמִּקְדָּשׁ נָשָׂא עֵינָיו בְּתִתָּם	correct
167	yerushalmi	בָעֵי	צריך	רִבִּי יוֹנָה ⟨בָעֵי⟩ קוֹמֵי רִבִּי יוֹסֵי וְלָמָּה לֹא תַנִּינָן	WRONG (withheld after the sample)
168	yerushalmi	בָּעֵי	צריך	לָקִישׁ בְּנוֹטִין לְחוֹרֵבָה שָׁנוּ רִבִּי מָנָא ⟨בָּעֵי⟩ אִם בְּנוֹטִין לְחוֹרֵבָה נִיתְנֵי שְׁמוֹנָה שְׁנַיִם	WRONG (withheld after the sample)
169	yerushalmi	לֵיהּ	לו	לֵיהּ אָמַר לֵיהּ יֵיזִיל לְהוֹן דְּמוֹקְרִין ⟨לֵיהּ⟩ נָחַת לֵיהּ כַּהֲנָא מִן הֵן דִּסְלִק	correct
170	yerushalmi	דְאָמַר	שאמר	אַבָּא מָרִי לְרִבִּי מַתַּנְיָה הָדָא הִיא ⟨דְאָמַר⟩ רִבִּי יַעֲקֹב בַּר זַבְדִּי בְשֵׁם רִבִּי	correct
171	yerushalmi	כְּתִיב	כתוב	⟨כְּתִיב⟩ עֶרוַת אֵשֶׁת אָחִיךָ לֹא תְגַלֵּה מַשְׁמַע	correct
172	yerushalmi	דְּאָמַר	שאמר	תַּנִּי מְדַקְדְּקִין אָמַר רִבִּי פִינְחָס מָאן ⟨דְּאָמַר⟩ מְדַקְדְּקִין מִפְּנֵי חַלָּתָן מָאן דְּאָמַר אֵין	correct
173	yerushalmi	וְהָכְתִיב	והלא כתוב	מְרַדֵּף אַחַר מִי הָתִיב רִבִּי לָעְזָר ⟨וְהָכְתִיב⟩ וְעָלְתָה יְבִמְתּוֹ הַשַּׁעְרָה אָמַר רִבִּי יוֹחָנָן	correct
174	yerushalmi	לֵיהּ	לו	עָלְתָה לֹו וְאַתְּ אָמַר הָכֵין אָמַר ⟨לֵיהּ⟩ וְאִין כֵּנִי וַאֲפִילוּ נִטְּעוּ שְׁלֹשִׁים יוֹם	correct
175	yerushalmi	מַאן	מי	וּמְקַזֵּז חָדָא בְחָדָא פָּרוּשׁ מַה הַנְּכָיָיה ⟨מַאן⟩ דְּאִית לִי מֵהֲנָא מְנַכִּי עֲבַד מִצְוָה	correct
176	yerushalmi	חַד	אחד	רִבִּי לָעְזָר וְרִבִּי יוֹחָנָן ⟨חַד⟩ אָמַר מִפְּנֵי שֶׁמְּמַעֲטוֹ מִמִּידָּתוֹ וְחָרָנָה אָמַר	correct
177	yerushalmi	דְּתַנֵּי	ששנה	וְרִבִּי שְּׁמוּאֵל כְּרִבִּי שִּׁמְעוֹן בֶּן לָעְזָר ⟨דְּתַנֵּי⟩ אֶחָד נְכָסִין שֶׁיֵּשׁ לָהֶן אֲחֵרָיוּת וְאֶחָד	correct
178	yerushalmi	דְתֵימַר	שתאמר	הָדָא ⟨דְתֵימַר⟩ בְּשֶׁלֹּא הֶעֱמִידוֹ עִמּוֹ אֲבָל הֶעֱמִידוֹ עִמּוֹ	correct
179	yerushalmi	פְלִיגִין	חולקים	רִבִּי יוֹסֵי בֵּי רִבִּי אָבוּן וְלָא ⟨פְלִיגִין⟩ מַאן דָּמַר בּוֹרֵא מִינֵי מְזוֹנוֹת בְּהַהִיא	correct
180	yerushalmi	אָמַר	אמר	וְהוֹתִירוּ אוֹ פָּחֲתוּ כָּךְ הָיוּ חוֹלְקִין ⟨אָמַר⟩ רִבִּי אֶלְעָזָר הָדָא דְאַתְּ אָמַר בְּשֶׁהָיְתָה	correct
181	yerushalmi	לֵיהּ	לו	אַבָּהוּ אֲמַר לֵיהּ זִיל הַב אָמַר ⟨לֵיהּ⟩ רִבִּי אִשָּׁה לֹא קָנִיתִי וְאַתְּ אָמַר	correct
182	yerushalmi	לוֹן	להם	לוֹן כְּשַׁלְמֵי נְדָבָה בֵּית הִלֵּל עָבְדִין ⟨לוֹן⟩ כְּאָשָׁם מְצוֹרָע אָמַר רִבִּי יָסָי הֵן	correct
183	yerushalmi	דְלָא	שלא	וְחַמִשִׁין נִגְנְבוּ חֲמִשִּׁין אִישְׁתַּכַּח דְּהָדֵין דַּחֲמִשִׁיתָה ⟨דְלָא⟩ מִפְּסָד כְּלוּם	correct
184	yerushalmi	בַּר	בן	וְיַעֲלֵם בְּאֶחָד וּמֵאָה אָמַר רִבִּי בָּא ⟨בַּר⟩ מָמָל תִּיפְתָּר בִּדְבָרִים שֶׁאֵין לָהֶן עֲלִיָיה	correct
185	yerushalmi	פְלִיגָא	חולקת	וְאָמַר רִבִּי יוֹסֵי בֵּירִבִּי חֲנִינָה מַתְנִיתָא ⟨פְלִיגָא⟩ הִפְרִישׁ בִּכּוּרָיו וְאַחַר כָּךְ מָכַר שָׂדֵהוּ	correct
186	yerushalmi	אָמַר	אמר	אִיתָא חֲמִי שְׁחִיטָה כְשֵׁירָה בְזָר וְאַתְּ ⟨אָמַר⟩ יֵשׁ לָהּ פַּיִיס תְּרוּמַת הַדֶּשֶׁן אֲסוּרָה	correct
187	yerushalmi	מַתְנִי	שונה	מִן קוֹמוֹי אָמַר לֵיהּ אֲהִנּוֹ דְּאַתְּ ⟨מַתְנִי⟩ שְׁבָחֵיהּ אָמַר לֵיהּ מַה עֲבַד לָךְ	correct
188	yerushalmi	תַּנֵּיי	תנאים	אוֹמֶרֶת מֵת וְעֵד אוֹמֵר לֹא מֵת ⟨תַּנֵּיי⟩ דְּבֵית רִבִּי כֵן תַּנֵּי בְשֵׁם רִבִּי	correct
189	yerushalmi	מָאן	מי	בְּבוֹלֵט מְקוֹם הַכְּתָב כְּגוֹן הָדֵין דִּינָרָא ⟨מָאן⟩ דְּאָמַר אֲפִילוּ חוֹקֵק כְּגוֹן הָהֵן פִּינַקְסָא	correct
190	yerushalmi	אֲמַר	אמר	בֶּן חֲנַנְיָה חֲמִי מַה דְאַתְּ עֲבִיד ⟨אֲמַר⟩ לוֹן אַייתוֹן לִי זֶרַע דְּכִיתָּן וְאַיְיתוֹן	correct
191	biblical-aramaic	דִּֽי	אשר	עָנֵ֤ה דָֽנִיֵּאל֙ וְאָמַ֔ר לֶהֱוֵ֨א שְׁמֵ֤הּ ⟨דִּֽי⟩ אֱלָּהָא֙ מְבָרַ֔ךְ מִן עָלְמָ֖א וְעַ֣ד עָלְמָ֑א	correct
192	biblical-aramaic	עֲלָ֑יךְ	עליך	שְׁמַיָּא֙ לָ֣ךְ מְצַבְּעִ֔ין וְשִׁבְעָ֥ה עִדָּנִ֖ין יַחְלְפ֣וּן ⟨עֲלָ֑יךְ⟩ עַ֣ד דִּֽי תִנְדַּ֗ע דִּֽי שַׁלִּ֤יט עִלָּיָא֙	correct
193	biblical-aramaic	חָזֵ֣ה	רואה	⟨חָזֵ֣ה⟩ הֲוֵ֔ית בֵּאדַ֗יִן מִן קָל֙ מִלַּיָּ֣א רַבְרְבָתָ֔א	correct
194	biblical-aramaic	מַלְכָּ֔א	מלך	דָּֽנִיֵּאל֙ עַ֣ל עַל אַרְי֔וֹךְ דִּ֚י מַנִּ֣י ⟨מַלְכָּ֔א⟩ לְהוֹבָדָ֖ה לְחַכִּימֵ֣י בָבֶ֑ל אֲזַ֣ל וְכֵ֣ן אֲמַר	correct
195	biblical-aramaic	וְעִם	ועם	בְּדִתְאָ֖א דִּ֣י בָרָ֑א וּבְטַ֧ל שְׁמַיָּ֣א יִצְטַבַּ֗ע ⟨וְעִם⟩ חֵיוַ֤ת בָּרָא֙ חֲלָקֵ֔הּ עַ֛ד דִּֽי שִׁבְעָ֥ה	correct
196	biblical-aramaic	הִמּ֔וֹ	הם	הֲוָת֙ עַל שָׂבֵ֣י יְהוּדָיֵ֔א וְלָא בַטִּ֣לוּ ⟨הִמּ֔וֹ⟩ עַד טַעְמָ֖א לְדָרְיָ֣וֶשׁ יְהָ֑ךְ וֶאֱדַ֛יִן יְתִיב֥וּן	correct
197	biblical-aramaic	הֲוֵ֗ית	הייתי	בָּאתַ֨ר דְּנָ֜ה חָזֵ֣ה ⟨הֲוֵ֗ית⟩ וַאֲר֤וּ אָֽחֳרִי֙ כִּנְמַ֔ר וְלַ֨הּ גַּפִּ֥ין אַרְבַּ֛ע	correct
198	biblical-aramaic	דִּֽי	אשר	וּנְשֵׁיה֑וֹן וְלָֽא מְט֞וֹ לְאַרְעִ֣ית גֻּבָּ֗א עַ֠ד ⟨דִּֽי⟩ שְׁלִ֤טֽוּ בְהוֹן֙ אַרְיָ֣וָתָ֔א וְכָל גַּרְמֵיה֖וֹן הַדִּֽקוּ	correct
199	biblical-aramaic	אִיתַ֤י	יש	כשדיא כַשְׂדָּאֵ֤י קֳדָם מַלְכָּא֙ וְאָ֣מְרִ֔ין לָֽא ⟨אִיתַ֤י⟩ אֲנָשׁ֙ עַל יַבֶּשְׁתָּ֔א דִּ֚י מִלַּ֣ת מַלְכָּ֔א	correct
200	biblical-aramaic	דִּי	אשר	זאעין זָיְעִין֙ וְדָ֣חֲלִ֔ין מִן קֳדָ֖ם אֱלָהֵ֣הּ ⟨דִּי⟩ דָֽנִיֵּ֑אל דִּי ה֣וּא אֱלָהָ֣א חַיָּ֗א וְקַיָּם֙	correct
201	biblical-aramaic	אֱלָהָ֤א	אלוה	יִצְטַבַּ֑ע עַ֣ד דִּֽי יְדַ֗ע דִּֽי שַׁלִּ֞יט ⟨אֱלָהָ֤א⟩ עליא עִלָּאָה֙ בְּמַלְכ֣וּת אֲנָשָׁ֔א וּלְמַן דִּ֥י	correct
202	biblical-aramaic	אַלְפִין֙	אלפים	נָגֵ֤ד וְנָפֵק֙ מִן קֳדָמ֔וֹהִי אֶ֤לֶף אלפים ⟨אַלְפִין֙⟩ יְשַׁמְּשׁוּנֵּ֔הּ וְרִבּ֥וֹ רבון רִבְבָ֖ן קֽ͏ָדָמ֣וֹהִי יְקוּמ֑וּן	correct
203	biblical-aramaic	דִּ֣י	אשר	דִֽי בֵית אֱלָהָא֮ דִּ֣י דַהֲבָ֣ה וְכַסְפָּא֒ ⟨דִּ֣י⟩ נְבוּכַדְנֶצַּ֗ר הַנְפֵּק֙ מִן הֵֽיכְלָא֙ דִּ֣י בִֽירוּשְׁלֶ֔ם	correct
204	biblical-aramaic	דִּ֣י	אשר	מָאנֵ֣י בֵית אֱלָהָא֮ דִּ֣י דַהֲבָ֣ה וְכַסְפָּא֒ ⟨דִּ֣י⟩ נְבֽוּכַדְנֶצַּ֗ר הַנְפֵּ֛ק מִן הֵיכְלָ֥א דִי בִירוּשְׁלֶ֖ם	correct
205	biblical-aramaic	אֱדַ֤יִן	אז	⟨אֱדַ֤יִן⟩ מַלְכָּא֙ זִיוֺ֣הִי שְׁנ֔וֹהִי וְרַעיֹנֹ֖הִי יְבַהֲלוּנֵּ֑הּ וְקִטְרֵ֤י	correct
206	biblical-aramaic	קֳדָ֥ם	לפני	עָנֵ֧ה דָנִיֵּ֛אל ⟨קֳדָ֥ם⟩ מַלְכָּ֖א וְאָמַ֑ר רָזָה֙ דִּֽי מַלְכָּ֣א שָׁאֵ֔ל	correct
207	biblical-aramaic	דִּֽי	אשר	דַּ֤ע מַלְכָּא֙ דִּֽי דָת֙ לְמָדַ֣י וּפָרַ֔ס ⟨דִּֽי⟩ כָל אֱסָ֥ר וּקְיָ֛ם דִּֽי מַלְכָּ֥א יְהָקֵ֖ים	correct
208	biblical-aramaic	דִּ֚י	אשר	בְּעָ֣א מִן מַלְכָּ֔א וּמַנִּ֗י עַ֤ל עֲבִֽידְתָּא֙ ⟨דִּ֚י⟩ מְדִינַ֣ת בָּבֶ֔ל לְשַׁדְרַ֥ךְ מֵישַׁ֖ךְ וַעֲבֵ֣ד נְג֑וֹ	correct
209	biblical-aramaic	אִיתַ֔י	יש	דִֽי מַלְכָּ֤ה שָׁאֵל֙ יַקִּירָ֔ה וְאָחֳרָן֙ לָ֣א ⟨אִיתַ֔י⟩ דִּ֥י יְחַוִּנַּ֖הּ קֳדָ֣ם מַלְכָּ֑א לָהֵ֣ן אֱלָהִ֔ין	correct
210	biblical-aramaic	לָֽא	לא	וְהַדָּבְרֵ֣י מַלְכָּא֒ חָזַ֣יִן לְגֻבְרַיָּ֣א אִלֵּ֡ךְ דִּי֩ ⟨לָֽא⟩ שְׁלֵ֨ט נוּרָ֜א בְּגֶשְׁמְה֗וֹן וּשְׂעַ֤ר רֵֽאשְׁהוֹן֙ לָ֣א	correct
211	biblical-aramaic	לִ֔י	לי	דִּ֥י עִדָּנָ֖א יִשְׁתַּנֵּ֑א לָהֵ֗ן חֶלְמָא֙ אֱמַ֣רוּ ⟨לִ֔י⟩ וֽ͏ְאִנְדַּ֕ע דִּ֥י פִשְׁרֵ֖הּ תְּהַחֲוֻנַּֽנִי	correct
212	biblical-aramaic	עָנֵ֤ה	ענה	⟨עָנֵ֤ה⟩ נְבֻֽכַדְנֶצַּר֙ וְאָמַ֣ר לְה֔וֹן הַצְדָּ֕א שַׁדְרַ֥ךְ מֵישַׁ֖ךְ	correct
213	biblical-aramaic	שְׁמַיָּ֖א	שמים	אֲנָשָׁ֣א טְרִ֔יד וְעִשְׂבָּ֤א כְתוֹרִין֙ יֵאכֻ֔ל וּמִטַּ֥ל ⟨שְׁמַיָּ֖א⟩ גִּשְׁמֵ֣הּ יִצְטַבַּ֑ע עַ֣ד דִּ֥י שַׂעְרֵ֛הּ כְּנִשְׁרִ֥ין	correct
214	biblical-aramaic	לְעָלְמִ֥ין	לעולמים	עֲנוֹ֙ וְאָ֣מְרִ֔ין לִנְבוּכַדְנֶצַּ֖ר מַלְכָּ֑א מַלְכָּ֖א ⟨לְעָלְמִ֥ין⟩ חֱיִֽי	correct
215	biblical-aramaic	חֲדָ֑ה	אחת	בְּאַחְמְתָ֗א בְּבִֽירְתָ֛א דִּ֛י בְּמָדַ֥י מְדִינְתָּ֖ה מְגִלָּ֣ה ⟨חֲדָ֑ה⟩ וְּכֵן כְּתִ֥יב בְּגַוַּ֖הּ דִּכְרוֹנָֽה פ	correct
216	biblical-aramaic	עליא	העליון	אנתה אַ֖נְתְּ מַלְכָּ֑א אֱלָהָא֙ ⟨עליא⟩ עִלָּאָ֔ה מַלְכוּתָ֤א וּרְבוּתָא֙ וִיקָרָ֣א וְהַדְרָ֔ה יְהַ֖ב	correct
217	biblical-aramaic	חָזֵ֣ה	רואה	קָל֙ מִלַּיָּ֣א רַבְרְבָתָ֔א דִּ֥י קַרְנָ֖א מְמַלֱּלָ֑ה ⟨חָזֵ֣ה⟩ הֲוֵ֡ית עַד֩ דִּ֨י קְטִילַ֤ת חֵֽיוְתָא֙ וְהוּבַ֣ד	correct
218	biblical-aramaic	דִּ֥י	אשר	אִלֵּין֙ חֵיוָתָ֣א רַבְרְבָתָ֔א ⟨דִּ֥י⟩ אִנִּ֖ין אַרְבַּ֑ע אַרְבְּעָ֥ה מַלְכִ֖ין יְקוּמ֥וּן מִן	correct
219	biblical-aramaic	וְלָֽא	ולא	וּלְגֹ֤ב אַרְיָוָתָא֙ רְמ֔וֹ אִנּ֖וּן בְּנֵיה֣וֹן וּנְשֵׁיה֑וֹן ⟨וְלָֽא⟩ מְט֞וֹ לְאַרְעִ֣ית גֻּבָּ֗א עַ֠ד דִּֽי שְׁלִ֤טֽוּ	correct
220	biblical-aramaic	דִּֽי	אשר	עִדָּנִ֖ין יַחְלְפ֣וּן עֲלָ֑יךְ עַ֣ד דִּֽי תִנְדַּ֗ע ⟨דִּֽי⟩ שַׁלִּ֤יט עִלָּיָא֙ בְּמַלְכ֣וּת אֲנָשָׁ֔א וּלְמַן דִּ֥י	correct
221	liturgy	סְעוּדָתָא	סעודה	קַדִּישִׁין וְהִרְכַּבְתִּ֖יךָ עַל בׇּ‍֣מֳתֵי אָ֑רֶץ דָּא ⟨סְעוּדָתָא⟩ תִּנְיָנָא לָקֳבֵל חַקְלָא דְתַפּוּחִין קַדִּישִׁין וְהַאֲכַלְתִּ֗יךָ	correct
222	liturgy	שׁלָמָא	שלום	בְכָל אֲתַר וַאֲתַר יְהֵא לְהוֹן וּלְכוֹן ⟨שׁלָמָא⟩ רַבָּא חִנָּא וְחִסְדָּא וְרַחֲמִין וְחַיִּין אֲרִיכִין	correct
223	liturgy	וְיִתְהַדָּר	ויתהדר	עָלְמַיָּא יִתְבָּרַךְ וְיִשְׁתַּבַּח וְיִתְפָּאַר וְיִתְרוֹמַם וְיִתְנַשֵּׂא ⟨וְיִתְהַדָּר⟩ וְיִתְעַלֶּה וְיִתְהַלָּל שְׁמֵהּ דְּקֻדְשָׁא בְּרִיךְ הוּא	correct
224	liturgy	אִנּוּן	הם	אִנּוּן נְהוֹרִין וְלָאו אִנּוּן רוּחִין וְלָאו ⟨אִנּוּן⟩ נִשְׁמָתִין וְלָא אִית מָאן דְּקַיְמָא בְהוּ	correct
225	liturgy	קֻדְשָׁא	הקדוש	לְשֵׁם יִחוּד ⟨קֻדְשָׁא⟩ בְּרִיךְ הוּא וּשְׁכִינְתֵּיהּ בִּדְחִֽילוּ וּרְחִֽימוּ וּרְחִֽימוּ	correct
226	liturgy	חָדֵי	שמח	כַּד הֲוָה יָתִיב בִּסְעוּדָתָא דְשַׁבְּתָא הֲוָה ⟨חָדֵי⟩ בְּכָל חַד וְחַד וַהֲוָה אָמַר דָּא	correct
227	liturgy	עִלָּאָה	עליון	הוּא חָד וְלָא בְּחֻשְׁבָּן אַנְתְּ הוּא ⟨עִלָּאָה⟩ עַל כָּל עִלָּאִין סְתִימָא עַל כָּל	correct
228	liturgy	רַבָּא	גדול	יְהֵא שְׁלָמָא ⟨רַבָּא⟩ מִן שְׁמַיָּא וְחַיִּים טוֹבִים עָלֵינוּ וְעַל	correct
229	liturgy	בַּהֲדֵיהּ	עמו	קַדִּישָׁא וַחֲקַל תַּפּוּחִין קַדִּישִׁין אַתְיָן לְסַעֲדָא ⟨בַּהֲדֵיהּ⟩	correct
230	liturgy	וְהֶגְי֣וֹן	והגיון	נַהֵל עֲדָתֶֽךָ יִ֥הְיֽוּ לְרָצ֨וֹן אִמְרֵי פִ֡י ⟨וְהֶגְי֣וֹן⟩ לִבִּ֣י לְפָנֶ֑יךָ יְ֝הֹוָ֗ה צוּרִ֥י וְגֹאֲלִֽי ואחר	correct
231	liturgy	נְהוֹרָא	אור	בוֹצִינִין בִּשְׁלִימוּ כִּדְקָא חָזֵי עַד דְּהַהוּא ⟨נְהוֹרָא⟩ עִלָּאָה אִתְּעַר וְכֹלָּא אָעִיל לְגַבֵּי קֹדֶשׁ	correct
232	liturgy	דָּא	זו	שַׁבָּת דְּמַעֲלֵי שַׁבְּתָא בָּרוּךְ יְהֹוָה הַמְּבוֹרָךְ ⟨דָּא⟩ אַפִּיקוּ דְבִרְכָאָן מִמְּקוֹרָא דְחַיֵּי וַאֲתַר דְּנָפִיק	correct
233	liturgy	וְנֶחֱמָתָא	ונחמות	לְעֵלָּא מִן כָּל בִּרְכָתָא שִׁירָתָא תֻּשְׁבְּחָתָא ⟨וְנֶחֱמָתָא⟩ דַּאֲמִירָן בְּעָלְמָא וְאִמְרוּ אָמֵן אָמֵן	correct
234	liturgy	עֲלֵיכוֹן	עליכם	בְּהַהִיא עֵינָא עִילָאָה גְזָרִית וְאַשְׁבָּעִית ⟨עֲלֵיכוֹן⟩ כָּל מִין עֵינָא בִּישָׁא שֶׁתָּסוּרוּ וְתַעֲרְקוּ	correct
235	liturgy	שַׁבַּתָא	שבת	עֲלָהּ מַלְכָּא קַדִּישָׁא עִלָּאָה כַּד עַיִּל ⟨שַׁבַּתָא⟩ אִיהִי אִתְיָחֳדַת וְאִתְפְּרָשַׁת מִסִּטְרָא אָחֳרָא וְכָל	correct
236	liturgy	דְּבֵיהּ	שבו	שַׁפְוָן וְלוּלָב דְּאִיהוּ יְסוֹד דּוֹמֶה לַשִּׁדְרָה ⟨דְּבֵיהּ⟩ קִיּוּם כָּל גַּרְמִין וַעֲלֵיהּ אָמַר דָּוִד	correct
237	liturgy	בְּרִיךְ	ברוך	וְיִתְנַשֵּׂא וְיִתְהַדָּר וְיִתְעַלֶּה וְיִתְהַלָּל שְׁמֵהּ דְּקֻדְשָׁא ⟨בְּרִיךְ⟩ הוּא לְעֵלָּא בעשי"ת וּלְעֵלָּא מִכָּל מִן	correct
238	liturgy	נִשְׁמְתָא	נשמה	לְבַר נַשׁ נִשְׁמְתָא אַחֲרָא נִשְׁמְתָא עִלָּאָה ⟨נִשְׁמְתָא⟩ דְכָל שְׁלִימוּ בָהּ כְּדֻגְמָא דְעָלְמָא דְאָתֵי	correct
239	liturgy	וּבְגִין	ובגלל · ולפי, משום	אוּקְמוּהָ בְּגִין דְּיָ''הּ עֵדוּת לְיִשְׂרָאֵל וַדַּאי ⟨וּבְגִין⟩ דָּא הָראוּבֵנִי הַשִּׁמְעוֹנִי יָ''הּ בְּכָל חַד	correct
240	liturgy	יוֹמָא	יום	מִתְקַדְּשִׁין בִּצְלוֹתִין וּבָעוּתִין וּמִתְקַדְּשִׁין בִּקְדֻשָּׁתֵיהּ דְּהַאי ⟨יוֹמָא⟩ זַכָּאִין יִשְׂרָאֵל עַמָּא קַדִּישָׁא דְּאַחֲסִֽינוּ יוֹמָא	correct
241	midrash	וַהֲווֹ	והיו	חֵילֵיהוֹן דְּצוֹמַיָּיא וְתַעֲנִיתַיָּא שְׁלַח וְאַיְיתֵי אַסְוָותָא ⟨וַהֲווֹ⟩ מוֹכְלִין לֵיהּ צִיבְחַר צִיבְחַר וּמַשְׁקִין לֵיהּ	correct
242	midrash	אמר	אמר	כשבקש לבראת את האדם נמלך במלאכים ⟨אמר⟩ להם בראשית א כו נעשה אדם	correct
243	midrash	לֵיהּ	לו	חָמֵשׁ וְאִי לָא מַּקִּישׁ שֶׁקֶל מִנָּא ⟨לֵיהּ⟩ לְעוֹלָם לָא מַּקִּישׁ אֲמַר רָבָא אֲמַר	correct
244	midrash	אֲמַר	אמר	עַד דַּהֲוָה לִי וּפָרַעְנָא לֵיהּ הִלְכָּךְ ⟨אֲמַר⟩ רַחֲמָנָא רָמֵי שְׁבוּעָה עֲלֵיהּ כִּי הֵיכִי	correct
245	midrash	דִכְתִיב	שכתוב	שָׁלוֹם בֵּין הָעֶלְיוֹנִים לַתַּחְתּוֹנִים הֲדָא הוּא ⟨דִכְתִיב⟩ בְּרֵאשִׁית בָּרָא אֱלֹהִים אֶת הַשָּׁמַיִם וְאֶת	correct
246	midrash	כְּנֶסֶת	כלל האומה הישראלית	דּוֹדִי לִי בֵּין שָׁדַי יָלִין אָמְרָה ⟨כְּנֶסֶת⟩ יִשְׂרָאֵל לִפְנֵי הַקָּדוֹשׁ בָּרוּךְ הוּא רִבּוֹנוֹ	correct
247	midrash	מַאי	מה	שַׁחַר תַּלְמוּד לוֹמַר וְעָרַךְ עָלֶיהָ הָעֹלָה ⟨מַאי⟩ תַּלְמוּדָא אֲמַר רָבָא הָעֹלָה עוֹלָה רִאשׁוֹנָה	correct
248	midrash	בְּרֵישָׁא	בראש	עליה לְאוֹתְבֵיהּ דְּרַב אַחָא מִדִּפְתִּי לאותוביה ⟨בְּרֵישָׁא⟩ כד כֵּיוָן דְּ שַׁמְעֵי דְּאָתָא בעי	correct
249	midrash	אמר	אמר	ישראל משל למלך שעשה משתה לאוהביו ⟨אמר⟩ המלך אם אין סימנטרי על כל	correct
250	midrash	בַּר	בן	אָמַר רַבִּי יוֹחָנָן מִשּׁוּם רַבִּי יְהוּדָה ⟨בַּר⟩ אִלָעִאי בּוֹא וּרְאֵה מַה בֵּין דּוֹרוֹת	correct
251	midrash	לָמָּה	למה	מִמֶּנוּ בָּאֵשׁ תִּשְׂרֹף תִּשְׂרֹפוּ עַד בֹּקֶר ⟨לָמָּה⟩ נֶאֱמַר לֹא בָּא הַכָּתוּב אֶלָּא לִתֵּן	correct
252	midrash	דִּכְתִיב	שכתוב	דברים ד טז פֶּן תַּשְׁחִתוּן עֲרָיוֹת ⟨דִּכְתִיב⟩ כִּי הִשְׁחִית כָּל בָּשָׂר וְאִידָךְ בְּעוֹבָדַיְהוּ	correct
253	midrash	נַפְקָא	יוצאת	בְּכָל הָעוֹלִין שֶׁקְּרֵבִין לְגַבֵּי מִזְבֵּחַ וְאַבָּיֵי ⟨נַפְקָא⟩ לֵיהּ שם טז יח מִ"וְלָקַח מִדַּם	correct
254	midrash	כְּתִיב	כתוב	וַאָמַר לֵיהּ רָבָא לְרַבָּה בַּר מָרִי ⟨כְּתִיב⟩ בֵּיהּ בְּיֹאשִׁיָּהוּ מ"ב כּב לָכֵן הִנְנִי	correct
255	midrash	בֵּינַיְיהוּ	ביניהם	כָּרְחֵיהּ מוֹתִיב בָּהּ מִיחַיֵּב שׁוֹלְחֵהּ מַאי ⟨בֵּינַיְיהוּ⟩ כֹּהֵן דַּאֲמַר לֵיהּ לְיִשְׂרָאֵל צֵא וְקַדֵּשׁ	correct
256	midrash	לְקַמֵּיהּ	לפניו	בֵּיהּ עַיְלָא לֵיהּ שְׁרָגָא דְּדַהֲבָא וְאָזוּל ⟨לְקַמֵּיהּ⟩ אָמְרָה לֵיהּ בָּעִינָא דְּנִפְלְגֵי לִי בְּנִכְסֵי	correct
257	midrash	מהו	מה הוא	וזרחה לכם יראי שמי שמש צדקה ⟨מהו⟩ שמש צדקה אותה הצדקה שעשיתם היא	correct
258	midrash	לְהוּ	להם	רַחֲמָנָא דְּנֵּיתִיב לְהוּ וְהָא לָא יָהִיב ⟨לְהוּ⟩ וְלֹא מִידֵי דְּעַפְרָא בְּעָלְמָא הוּא דְּאִי	correct
259	midrash	אמר	אמר	אומרת אין הקב"ה מקבל בעלי תשובה ⟨אמר⟩ הקב"ה הרי מנשה כמה הכעיס כמה	correct
260	midrash	סַגְיָא	די	הַהוּא גַבְרָא אַתְּ חָמֵי נְהוֹר בִּנְהוֹר ⟨סַגְיָא⟩ אֲמַר לֵיהּ רַבִּי יִשְׁמָעֵאל בְּרַבִּי יוֹסֵי	WRONG (withheld after the sample)
261	talmud-commentary	בחדא	באחד	קשיא לב"ש ⟨בחדא⟩ דקאמרי ב"ש במתני' משהין חמין אף	correct
262	talmud-commentary	ההיא	ההיא	בארץ משום דספיתא קבעא והשתא קמ"ל ⟨ההיא⟩ דסופת דאע"ג דבארץ קבעא בחו"ל לא	correct
263	talmud-commentary	אמאי	למה, מדוע	נקחת בפני עצמה בלא הבלעה וא"ת ⟨אמאי⟩ לא גמרינן דשתיה בכלל אכילה מדכתיב	correct
264	talmud-commentary	אחריתי	אחרת	ע"י חיוב הגבהה דתו ליתא עקירה ⟨אחריתי⟩	correct
265	talmud-commentary	דאי	שאם	פי' בקונטרס אלמא אית ליה ברירה ⟨דאי⟩ לית ליה ברירה איכא למימר חטאת	correct
266	talmud-commentary	ודידיה	ושלו	מקצר מן הבגד איהו שקיל ליה ⟨ודידיה⟩ הוא	correct
267	talmud-commentary	מסיפא	מהחלק האחרון של המשנה	גברא כדפירש בקונטרס הוה ליה לאתויי ⟨מסיפא⟩ דאין מעצבין את הקטן דהוי נמי	correct
268	talmud-commentary	להו	להם	אי ממתחי אשלייהו מסתגי ⟨להו⟩ אם יוכלו למתוח חבלם ולבא ממסע	correct
269	talmud-commentary	דלא	שלא	בשנה זו על שנה שלאחריה ואע"ג ⟨דלא⟩ מגלין מ"מ אין מחשבין לסמוך על	correct
270	talmud-commentary	פליגי	חולקים	ואיבעית אימא בצידי רה"ר ⟨פליגי⟩ ולא מיירי באבדה להם דרך	correct
271	talmud-commentary	דתנן	ששנינו במשנה	ואסור ⟨דתנן⟩ לקמן בבא מציעא דף עה לא	correct
272	talmud-commentary	נפקא	יוצאת	מושחת ⟨נפקא⟩ לן הא דר"א פרט לזה שלא	correct
273	talmud-commentary	גמרינן	אנו לומדים	כתיב אבל כשהרשיעו הנדון לגלות לא ⟨גמרינן⟩	correct
274	talmud-commentary	דלא	שלא	כל השנה ואתיא ילבש ילבש מהתם ⟨דלא⟩ תימא והניחם שם כתיב בהו לומר	correct
275	talmud-commentary	מיהא	לפחות, על כל פנים	קתני ⟨מיהא⟩ בדר"ש מדליקין ואע"ג דאגוז לא חזי	correct
276	talmud-commentary	אלמא	אם כן, נמצא	⟨אלמא⟩ ספיקא לחומרא להכי פריך מסיפא ואע"ג	correct
277	talmud-commentary	לקי	לוקה	וא"כ כיון שאם ירצה לצאת היאך ⟨לקי⟩ הא לא משכחת ביטלו אלא למ"ד	correct
278	talmud-commentary	דלא	שלא	הוא מדמוקי לה בטינוף כלים מכלל ⟨דלא⟩ אפקריה דהא בור לא חייב בו	correct
279	talmud-commentary	קסבר	חושב	לימא ⟨קסבר⟩ ר' יוחנן כו' מדאיצטריך לן לשנויי	correct
280	talmud-commentary	איכא	יש	מנהיג לחודיה מי ⟨איכא⟩ מאן דאמר לא קנה אע"ג דלר"ש	correct
281	other-commentary	דאיהו	שהוא	⟨דאיהו⟩ כורסייא שלימתא דהכסא הוא ה' תתאה	correct
282	other-commentary	עבדינן	אנו עושים	נ"ט לפגם או מה שיש ס' ⟨עבדינן⟩ מחה"ש	correct
283	other-commentary	הכי	גם כן	כדין שטר שיש בו ע"א אין ⟨הכי⟩ נמי שמשביעין אותו וזה יראה דעת	correct
284	other-commentary	דהא	שהרי	היה לו לכתוב שצריך לחזר אחריהם ⟨דהא⟩ רב חסדא לייט אמאן דמהדר אמיא	correct
285	other-commentary	הכי	כן	את הגשמים דהא ר"ג לא אמר ⟨הכי⟩ אלא מפני תקנתן של עולי רגלים	correct
286	other-commentary	טעמא	טעם	וכתב הר"ן דעכו"ם נמי פסול מהאי ⟨טעמא⟩ ובגמרא צריכא לאשמועינן תרוייהו דאי אשמועינן	correct
287	other-commentary	כדאיתא	כשל יש	מדרב שדורש זה מייתורא די"ו דובנים ⟨כדאיתא⟩ בגמרא עכ"ל ול"נ דאין כאן ט"ס	WRONG (withheld after the sample)
288	other-commentary	אוקימנא	הקים, העמיד · קבע, הניח	קנינהו אע"פ שאין דרכן בכך דהא ⟨אוקימנא⟩ לההיא דהגונב כיס בשבת במידי דבעי	correct
289	other-commentary	דכתיב	שכתוב	ואין חייבין עליו קרבן של יולדת ⟨דכתיב⟩ ויקרא י״ב ב׳ אשה כי תזריע	correct
290	other-commentary	פירשה	פרש, צואה	מטא יומא דשוקא לא ואע"פ שרשב"ם ⟨פירשה⟩ במוסר חבית לחנוני כדי למכור היין	WRONG (withheld after the sample)
291	other-commentary	דמצי	שיכול	והדר מפרש גמ' וכתב רש"י דהה"נ ⟨דמצי⟩ למנקט טומטום ואנדרוגינוס חש"ו ונכרי אלא	correct
292	other-commentary	מרבנן	מחכמים	דב"ב ח הכל לכריא פתיא אפילו ⟨מרבנן⟩ ולא אמרן אלא דלא נפקי בכלוזא	correct
293	other-commentary	דינא	דין ומשפט	ובתוך המועד יהיה הלואה לבוש ולענין ⟨דינא⟩ כבר כתבנו לעיל סי' י"ג או'	correct
294	other-commentary	כדכתיב	כמו שכתוב	מ״ז שהיה משה ניזון מזיו השכינה ⟨כדכתיב⟩ ואתה מחיה את כולם	correct
295	other-commentary	כתיב	כתוב	פ ר"ל לעיל ⟨כתיב⟩ פתח וכאן חלון ומתרץ ולא זהו	correct
296	other-commentary	דבעי	שצריך	ר' אליעזר בחותם אחד לא משמע ⟨דבעי⟩ חותם עם המפתח וגם הקשה עליהם	correct
297	other-commentary	מצי	יכול	שהתנה אלא שכתכ דאם המשכיר מוחזק ⟨מצי⟩ למימר קים לי כדעת התו' וסייעתם	correct
298	other-commentary	מיאון	אם	ואם לאו אינה מתקדשת ואינה צריכה ⟨מיאון⟩ הכל בפ"ד והוא ז"ל גורס כגרסת	WRONG (withheld after the sample)
299	other-commentary	ליה	לו	לו את שטרו דסמכיה דעתיה דהוה ⟨ליה⟩ זוזי באותו זמן ומכל מקום לאו	correct
300	other-commentary	דפשיטא	של ודאי, ממילא מובן	ועוד למה כפל לומר עמה ומולדתה ⟨דפשיטא⟩ דכאשר לא תגיד עמה מכ"ש מולדתה	correct
