rank	form	count	gloss	analysis	lexicon
1	אנא	363	אני	pron:אנא/fixed/-/pronominal/pronominal preposition table	{אנא} other אנכי[k:def] ; אני[j:eq:targum+bavli+yerushalmi] || J(אָנָּא bh): oh! I pray || J(אִנָּא): if I
2	יצחק	237		NO ANALYSIS	
3	בר	223	בן	בר/-/-/exact/reviewed choice	{בר} n בקי[k:def:tosefta] ; בר[j:same:targum+bavli+yerushalmi+midrash] ; שדה[j:eq:targum+bavli+yerushalmi+midrash] ; חוץ[j:eq:targum+bavli+yerushalmi+midrash] ; בן[r:reviewed] || J(בַּר I bh): empty, open; uncultivated ground, forest, prairie;; buffalo || J(בַּר ch): forest, prairie; living in the forest; wild || J(בַּר II ch): son, offspring; grandson; a scholar || J(בַּר III bh): clear, bright, clean, pure; bar || J(בַּר IV bh): sifted; grain
4	בריכ	189	ברוך	בריכ/-/-/reviewed/reviewed form: Jastrow בְּרִיךְ = h. בָּרוּךְ	{בריכ} v היה ברוך[k:def:itpe:targum] || 
5	יוחאי	182		NO ANALYSIS	
6	די	143		AMBIGUOUS_SENSE די: אשר, ש־ | כי | שאם	{די} n אשר, ש־[k:def:yerushalmi] ; כי[k:def:yerushalmi] ; שאם[k:def] ; של[h:wikt] ; אשר, ש־[h:wikt] || J(דִּי): who, which, where, whom; mine, thine; ḥazith || J(דִּי II): for if; for if not; for if not so || J(דַּי bh): sufficiency, plenty; enough for; enough for me || J(דִּי־): two, twice
7	רבא	133	גדול	רבא/-/-/reviewed/reviewed form: Jastrow רַבָּא ch. "great"	
8	בראשית	107		NO_HEBREW_SENSE בראשית	{בראשית} v ספור בריאת העולם[k:def] || K: primeval waters, Ocean | Urgewässer, Ocean || K: the six days of creation | die sechs Schöpfungstage || J(בְּרֵאשִׁית bh): in the beginning; creation, primeval period, Nature, Universe; from the beginning
9	ורב	104		NO ANALYSIS	
10	קדישינ	103	קדושים	קדישינ/-/-/reviewed/reviewed form: plural of קַדִּישׁ (Jastrow ch. = h. קָדוֹשׁ)	
11	חד	102	אחד	חד/-/-/exact/the sense cited from targum; the same analysis published in onkelos	{חד} particle אחד[k:def:bavli] ; אחד[j:eq:targum+yerushalmi+bavli] || J(חַד I bh): pointed, sharp; swift; Pl. || J(חַד II): one, singular, particular; like one; together, simultaneously
12	ורחימו	100	ואהבה	ורחימו/-/-/reviewed/reviewed form: ו + Jastrow רְחִימוּ "love"	
13	דא	99	זו	דא/-/-/exact/the sense cited from targum; the same analysis published in zohar	{דא} n זו[j:eq:targum+bavli+yerushalmi+midrash] || K: this | sie, diese || K: but | aber || J(דָּא I): this; not in this case || J(דָּא II): da da
14	אנת	93	אתה	אנת/-/-/exact/the sense cited from bavli; the same analysis published in zohar	{אנת} ? אתה[j:eq:tanakh+bavli] || J(אַנְתְּ): thou.
15	דכל	92		NO ANALYSIS	
16	אמרי	88	אומרים	אמר/pe.ptcp.mp/-/irregular/the sense cited from targum	{אמרי} ?  ||   ##  {אמר} v הלעיט[k:def:af:bavli] ; אמר[j:same:pe:targum+bavli+yerushalmi] ; טלה, כבש[h:wikt] || J(אָמַר I bh): to join, knot; to be knotted, thick;; to heap up;; to join words, compose || J(אֲמַר ch): they say, it is said; Inf; does this mean to say? || J(אָמַר II bh): to be thick, strong; to thrive; to boast, vaunt, be oppressive; to fatten || J(אִמַּר): lamb
17	עלאה	82	עליון	עילאה/-/-/alias/the sense cited from targum; the same analysis published in onkelos	{עלאה} ?  || J(עִלָּאָה): rib  ##  {עילאה} adj עליון[k:def:targum+bavli] || J(עִילָאָה): high, uppermost; Most High; Pl.; Fem
18	רחמנא	80	אלהים	רחמנא/-/-/exact/the sense cited from bavli; the same analysis published in bavli	{רחמנא} adj אלהים[k:def:bavli] || K: merciful | barmherzig || K: trnsf. The Word of God, Scripture | übertr. das Wort Gottes, die Schrift
19	שלימ	76	שלם, תמים	שלימ/-/-/exact/the sense cited from targum; the same analysis published in onkelos	{שלימ} adj שלם, תמים[k:def:targum+tanakh] || J(שְׁלִים): complete, perfect; whole, unimpaired; Fem.; peaceful, sincere, friendly.
20	והגיונ	69	והגיון	והגיונ/-/-/reviewed/reviewed form: Hebrew הִגָּיוֹן (the same word)	
21	שלמא	64	שלום	שלמא/-/-/reviewed/reviewed form: Jastrow שְׁלָמָא = h. שָׁלוֹם	
22	ביחודא	63	בייחוד	ביחודא/-/-/reviewed/reviewed form: ב + יִחוּדָא "union" (Jastrow)	
23	רבונו	60	ריבונו	רבונו/-/-/reviewed/reviewed form: Jastrow רִבּוֹן "master" + ־וֹ	
24	שמיא	58	שמים	שמיא/-/-/exact/the sense cited from targum; the same analysis published in onkelos	{שמיא} n שמים[j:eq:targum+bavli+yerushalmi] || J(שְׁמַיָּא): heaven; God.; arch, ceiling
25	סעודתא	57	סעודה	סעודתא/-/-/reviewed/reviewed form: Jastrow סְעוּדְתָא = h. סְעוּדָה	{סעודתא} n סעודה[j:eq:targum+bavli] || 
26	קדשא	57	הקדוש	קדשא/-/-/reviewed/reviewed form: Jastrow קוּדְשָׁא / קַדִּישָׁא "the Holy (One)" — "קודשא בריך הוא"	{קדשא} n נזם[k:def:targum] || J(קָדָשָׁא): cut out; ear-ring, nose-ring
27	בדחילו	56	ביראה	בדחילו/-/-/reviewed/reviewed form: ב + Jastrow דְּחִילוּ "fear"	
28	ויתנשא	56	ויתנשא	ויתנשא/-/-/reviewed/reviewed form: Kaddish: Hebrew-Aramaic hitpa'el of נשא — the same Hebrew word	
29	והדר	55	וחזר	והדר/-/-/reviewed/reviewed form: ו + הֲדַר (Krupnik: חזר)	
30	מלכא	52	מלך	מלכא/-/-/reviewed/reviewed form: Jastrow מַלְכָּא = h. מֶלֶךְ	
31	ויתפאר	50	ויתפאר	ויתפאר/-/-/reviewed/reviewed form: Kaddish: the same Hebrew word (hitpa'el)	
32	יומא	50	יום	יומא/-/-/exact/reviewed choice; the same analysis published in onkelos	{יומא} n יום[k:def:bavli] ; שמש[k:def:bavli] || K: name of a treatise of the Talmud on the order of exercises of the Day of Atonement | Name eines Talmudtraktates über den Versöhnungstag
33	ליחדא	50	לייחד	ליחדא/-/-/reviewed/reviewed form: ל + יַחֵד Pa. "to unite" (Jastrow), infinitive	
34	מאנ	48	מי	מאנ/-/-/reviewed/reviewed form: Krupnik מַאן "מי"	{מאנ} n מי[k:def:bavli] ; קנקן[j:eq:targum+bavli+yerushalmi] || J(מָאַן): Pi.; to deny, refuse; to protest against, to annul one’s marriage || J(מַאן): who?, what?, which?;; who, which || J(מָאן): thing; vessel, utensil; garment, dress
35	ויתעלה	47	ויתעלה	ויתעלה/-/-/reviewed/reviewed form: Kaddish: the same Hebrew word (hitpa'el)	
36	מלכותה	47	מלכותו	מלכותה/-/-/reviewed/reviewed form: Jastrow מַלְכוּתָא + ־הּ (his)	
37	ויתהדר	46	ויתהדר	ויתהדר/-/-/reviewed/reviewed form: Kaddish: the same Hebrew word (hitpa'el)	
38	גבורות	45		NO_HEBREW_SENSE גבורה	{גבורה} n  || J(גְּבוּרָה bh): superiority, strength, might; Divine Majesty, the Lord; high age
39	רעוא	45	רצון	רעוא/-/-/reviewed/reviewed form: Jastrow רַעֲוָא "will, favor"	{רעוא} n רועה[k:def:targum] || J(רַעְוָא): will, pleasure || J(רַעְוָא ²): shepherd;
40	ביי	44		NO ANALYSIS	{ביי} ?  || 
41	ודחילו	44	ויראה	ודחילו/-/-/reviewed/reviewed form: ו + דְּחִילוּ "fear"	
42	אוריתא	43	התורה	אוריתא/-/-/reviewed/reviewed form: Jastrow אוֹרָיְתָא = h. תּוֹרָה	
43	אנפינ	43	פנים	אנפינ/-/-/reviewed/reviewed form: Jastrow אַנְפִּין = h. פָּנִים	
44	דקדשא	43	של הקדוש	דקדשא/-/-/reviewed/reviewed form: ד + קוּדְשָׁא	
45	קפריסינ	43		NO ANALYSIS	
46	ששת	43		NO ANALYSIS	
47	ומשביע	42		NO ANALYSIS	
48	עינא	42	עין	עינא/-/-/exact/the sense cited from targum; the same analysis published in onkelos	{עינא} n עין[k:def:targum] || 
49	איהו	41	הוא	איהו/-/-/exact/the sense cited from targum; the same analysis published in bavli	{איהו} n הוא[k:def:bavli+targum] || J(אִיהוּ): he, himself; she, herself
50	אצילות	41		NO ANALYSIS	
51	בעגלא	41	במהרה	בעגלא/-/-/reviewed/reviewed form: ב + Jastrow עֲגָלָא "haste" — "בעגלא ובזמן קריב"	
52	דאמירנ	41		NO ANALYSIS	
53	דכתיב	41	שכתוב	דכתיב/-/-/reviewed/reviewed form: ד + כְּתִיב (Jastrow: it is written)	
54	והו	41		NO ANALYSIS	
55	ונחמתא	41	ונחמות	ונחמתא/-/-/reviewed/reviewed form: ו + נֶחָמְתָא "consolation"	
56	תשבחתא	41	תשבחות	תשבחתא/-/-/reviewed/reviewed form: Jastrow תּוּשְׁבַּחְתָּא "praise"	
57	דמלכא	40	של המלך	דמלכא/-/-/reviewed/reviewed form: ד + מַלְכָּא (Jastrow ch. = h. מֶלֶךְ)	
58	ושכינתיה	40	ושכינתו	ושכינתיה/-/-/reviewed/reviewed form: ו + שְׁכִינְתָּא + ־יה	
59	לונ	40	להם	לונ/-/-/reviewed/reviewed form: Jastrow לוֹן (Zoharic/Targumic) = לְהוֹן "to them"	{לונ} v  || J(לוּן bh): to stay over night, to take; night; lodging; to be kept over night || J(לוּן II bh): to join; to rise against, murmur, rebel || J(לוֹן): unto them
60	עלאינ	40	עליונים	עלאינ/-/-/reviewed/reviewed form: plural of עִילָּאָה (Krupnik: עליון)	
61	קריב	40	קרוב	קריב/-/-/reviewed/reviewed form: Jastrow קְרִיב "near"	{קריב} n  || J(קָרֵיב): near, related
62	ויתהלל	39	ויתהלל	ויתהלל/-/-/reviewed/reviewed form: Kaddish: the same Hebrew word (hitpa'el)	
63	דמהימנותא	38	של האמונה	דמהימנותא/-/-/reviewed/reviewed form: ד + Jastrow מְהֵימְנוּתָא "faith"	
64	דלא	37	שלא	דלא/-/-/reviewed/reviewed form: ד + לָא (Jastrow דְּלָא² "that not"); Krupnik's דְּלָא "lifted" is another, rare word	{דלא} v הרים[k:def:pe:bavli] ; נזל[k:def:pe:targum] || J(דְּלָא ²): that not, which not || J(דְּלָא ³): to draw
65	והמתנשא	37		NO ANALYSIS	
66	ותזכנו	37		NO ANALYSIS	
67	שבתא	37	שבת	שבתא/-/-/reviewed/reviewed form: Jastrow שַׁבְּתָא = h. שַׁבָּת	{שבתא} n שבתון[k:def:targum] ; שבת[j:same:targum+bavli+yerushalmi+midrash] || J(שַׁבְּתָא ch): Sabbath; sing.; week || J(שְׁבָתָא): rest, solemn observance
68	אדכר	36		REVIEW_GATE דכר/itpe.perf.3ms/- "נזכר" n=36	{דכר} v זכר, פקד[k:def:pe:bavli] ; הזכיר[k:def:af:yerushalmi] ; העלה בזכרונו[k:def:itpe] ; נזכר[k:def:itpe:targum] ; זכר[k:def:midrash] ; איל[k:def] ; בעל תאוה[k:def:midrash] ; תרנגול[k:def] ; יחור זכר[k:def] ; זכר[j:eq:targum+bavli] ; זכר[j:eq:targum+midrash+bavli+mishnah] || J(דְּכַר I): to mark; to remember; remembering, reminded || J(דְּכַר II): marked; male, man; the male of the flock, ram
69	בתרי	36		NO ANALYSIS	
70	הכלולות	36		NO ANALYSIS	
71	ושירתא	36		REVIEW_GATE שירתא/-/w "ושירה" n=36	{שירתא} n שירה[k:def:targum] ; שירה[j:eq:targum] || 
72	חוס	36		NO_HEBREW_SENSE חוס	{חוס} v חוס[j:same:pe:targum+bavli] || J(חוּס bh): to bend over, have affection for; to protect, spare, have consideration for; to be connect || J(חוּס ² ch): ḥasa; to commiserate, grace, favor; to have affection for
73	דאיהו	34	שהוא	דאיהו/-/-/reviewed/reviewed form: ד + אִיהוּ (Krupnik: הוא)	
74	בחייכונ	33	בחייכם	בחייכונ/-/-/reviewed/reviewed form: ב + חַיִּין + ־כוֹן	
75	דכלא	33	של הכל	דכלא/-/-/reviewed/reviewed form: ד + כֹּלָּא	
76	וביומיכונ	33	ובימיכם	וביומיכונ/-/-/reviewed/reviewed form: ו + ב + יוֹמִין + ־כוֹן	
77	אלינ	32	אלה	אלינ/-/-/reviewed/reviewed form: Jastrow אִלֵּין ch. = h. אֵלֶּה	
78	ודברי	32		NO_HEBREW_SENSE איסתוורא	{איסתוורא} n  || J(אִיסְתְּוָורָא): to leap, stride;; ankle; foot-step
79	ארעא	31	אדמה, ארץ	ארעא/-/-/exact/reviewed choice; the same analysis published in onkelos	{ארעא} n אדמה, ארץ[k:def:bavli+targum] ; מקרה[k:def:targum] ; פגע[k:def] || J(אִרְעָא): accident, occurrence; evils, diseases || J(אַרְעָא): land, earth, ground, field; gout, sore on the toes; fields
80	אתקינו	31	התקינו	אתקינו/-/-/reviewed/reviewed form: Jastrow תְּקֵן Af. "to prepare", imperative pl. — "אתקינו סעודתא"	
81	השתא	31	עכשיו	השתא/-/-/exact/reviewed choice; the same analysis published in bavli	{השתא} adv עכשיו[r:reviewed] || K: now | jetzt || K: since, if | da, wenn || J(הַשְׁתָּא): now; so now!, indeed; how can you compare these two cases?
82	בגו	30	בתוך	בגו/-/-/reviewed/reviewed form: ב + גּוֹ	
83	דהא	30	שהרי	דהא/-/-/reviewed/reviewed form: ד + הָא (Krupnik 3: הלא)	
84	דורשי	30		NO ANALYSIS	
85	סליחה	30		NO ANALYSIS	{סליחה} n  || J(סְלִיחָה bh): sprinkling; forgiveness; penitential prayers
86	רחמי	30	רחמים	רחמינ/-/-/alias/the sense cited from targum; the same analysis published in zohar	{רחמינ} ? רחמים[j:same:targum+bavli] || 
87	תלמידיהונ	30		NO ANALYSIS	
88	תלתא	30	שלושה	תלתא/-/-/reviewed/reviewed form: Jastrow תְּלָת ch. "three" (= h. שָׁלֹשׁ)	{תלתא} n שליש[k:def:targum] || J(תִּלְתָּא): a third part; having reached one-third of the full growth; a third-grown calf
89	בגינ	29	בגלל · לפי, משום	בגינ/-/-/exact/two senses; the same analysis published in zohar	{בגינ} other בגלל[k:def] ; לפי, משום[k:def] || 
90	הנכ	29	הללו	הנכ/-/-/exact/the sense cited from bavli; the same analysis published in bavli	{הנכ} other הללו[k:def:bavli] || 
91	ומלכותו	29		NO ANALYSIS	
92	עילאי	29	עליון	עילאי/-/-/reviewed/reviewed form: Jastrow עִילָּאָה "upper, most high"	{עילאי} other  || K: a man’s name | männlicher Name
93	אושפיזי	28	אורחים	אושפיזי/-/-/reviewed/reviewed form: Jastrow אוּשְׁפִּיזָא "guest"	
94	בהאי	28	בזה	בהאי/-/-/reviewed/reviewed form: ב + הַאי (Krupnik: זה)	
95	דשבתא	28	של שבת	דשבתא/-/-/reviewed/reviewed form: ד + שַׁבְּתָא	
96	הרשעה	28		NO ANALYSIS	
97	חדותא	28	שמחה	חדותא/-/-/reviewed/reviewed form: Jastrow חֶדְוָתָא "joy"	{חדותא} n שמחה[k:def:targum] ; חדוה[j:eq:targum+midrash] || J(חַדְוְתָא): dancer, reveller; a wedding party
98	לכונ	28	לכם	pron:לכונ/fixed/-/pronominal/pronominal preposition table	
99	תרינ	28	שנים	תרינ/-/-/exact/the sense cited from targum; the same analysis published in zohar	{תרינ} particle שנים[k:def:targum] || 
100	אנונ	27	הם	pron:אנונ/fixed/-/pronominal/pronominal preposition table	{אנונ} ?  || 
101	ונקריב	27		NO ANALYSIS	
102	נבוש	27		NO ANALYSIS	
103	קדמכ	27	לפניך	pron:קדמכ/fixed/-/pronominal/pronominal preposition table	
104	שכינתה	27	שכינתו	שכינתה/-/-/reviewed/reviewed form: שְׁכִינְתָּא + ־הּ	
105	אתר	26	מקום	אתר/-/-/exact/single sense; the same analysis published in onkelos	{אתר} n מקום[k:def:midrash] || J(אָתַר): place, town; our; local custom
106	בהלולא	26	בהילולא	בהלולא/-/-/reviewed/reviewed form: ב + הִלּוּלָא	
107	בתפארת	26		NO ANALYSIS	
108	דרבננ	26	של חכמים	דרבננ/-/-/reviewed/reviewed form: ד + רַבָּנָן (Krupnik: the sages)	{דרבננ} ? תקנת חכמים[k:def:bavli] || 
109	הלולא	26	הילולא	הלולא/-/-/reviewed/reviewed form: Jastrow הִלּוּלָא "wedding feast, celebration"	
110	ואמרינ	26	ואומרים	ואמרינ/-/-/reviewed/reviewed form: ו + אֲמַר, participle pl.	
111	חסינ	26		NO_HEBREW_SENSE חסינ	{חסינ} v חיזק[k:def:pa:targum] ; הוריש, הנחיל[k:def:af:targum] ; התחזק[k:def:itpe:targum] ; התאפק[k:def:itpe:targum] || J(חָסִין): strong; hard; mighty deeds
112	נאדר	26		NO ANALYSIS	
113	עתיקא	26	העתיק	עתיקא/-/-/reviewed/reviewed form: Jastrow עַתִּיק "ancient" (עתיקא קדישא)	{עתיקא} n  || J(עַתִּיקָא II bh): support?; a kind of peristyle
114	אמי	25		REVIEW_GATE אמא/-/- "אמה" n=25	{אמא} v אמר[k:def:pe:bavli] ; אם, אמי[k:def:bavli] ; אמה[j:eq:targum] || J(אַמָּא): cubit || J(אֲמָא II): to join; to say, speak, think; does it mean to say?
115	בהו	25	בהם	pron:בהו/fixed/-/pronominal/pronominal preposition table	{בהו} n  || J(בֹּהוּ bh): chaotic condition; || J(בְּהוֹ ch): with, in them
116	וחסדא	25		NO ANALYSIS	
117	חנא	25		REVIEW_GATE חנא/-/- "חן" n=25	{חנא} n חן[k:def:targum] ; חן[j:same:targum+bavli] || J(חֵנָא): lap, bosom
118	יומינ	25	ימים	יומינ/-/-/reviewed/reviewed form: plural of יוֹמָא	
119	ית	25	את	ית/-/-/exact/the sense cited from targum; the same analysis published in onkelos	{ית} ? את[j:eq:targum+yerushalmi+midrash] || K: a particle indicating the objective case | Partikel zur Bezeichnung des Akkusativs || J(יַת): being, existence; thee; he himself, this one
120	כרב	25		REVIEW_GATE כרב/-/- "חרש" n=25	{כרב} v חרש[k:def:pe:bavli] ; ענד וקשר[k:def:af:targum] || J(*כְּרַב I): to surround, crown || J(כְּרַב II): to dig around; to plough
121	תפוחינ	25		AMBIGUOUS תפוח/n.pl "נרקב" ~ תפוחא/n.pl "תפוח"	{תפוח} adj צבח ונפוח[k:def] ; נרקב[k:def:bavli] || J(תַּפּוּחַ bh): round; apple; apple tree; the fleshy part of the heel
122	באוריתא	24		NO ANALYSIS	
123	ונזכה	24		NO ANALYSIS	
124	לנא	24	לנו	pron:לנא/fixed/-/pronominal/pronominal preposition table	
125	מהימנותא	24		NO ANALYSIS	
126	נצוצינ	24		NO ANALYSIS	
127	קוממיות	24		NO ANALYSIS	
128	אחזי	23		REVIEW_GATE חזי/af.perf.3ms/- "הראה" n=23	{חזי} v ראה[k:def:pe:bavli] ; הראה[k:def:af:bavli] ; נראה[k:def:itpe:bavli] ; היה ראוי[k:def:itpe:bavli] ; הָראה[k:def:itpe] ; ראוי[k:def:bavli] ; חזי[j:same:pe:targum+bavli] || J(חזי bh): to divide; to discern, see; to distribute kindled chips between logs of wood || J(חֲזִי ch): to see, recognize, to decide; Part. pass; pointed out, fit for, prepared;
129	בדיל	23		REVIEW_GATE בדיל/-/- "בשל" n=23	{בדיל} other בשביל[k:def:midrash] ; כדי[k:def] ; בשל[j:eq:targum+midrash+yerushalmi+bavli] || J(בְּדִיל): as to what refers to; on account of, for the sake of, in order that
130	דיצה	23		AMBIGUOUS_SENSE דיצה: רקוד | שמחה | שלט למשחק	{דיצה} n רקוד[k:def] ; שמחה[k:def] ; שלט למשחק[k:def:mishnah] || J(דִּיצָה): dancing, rejoicing; ditsah; a shield
131	הכינ	23		REVIEW_GATE הכנ/-/- "הזמנה, התכוננות" n=23	{הכינ} other  || K: so | so  ##  {הכנ} n הזמנה, התכוננות[k:def:bavli] ; ציון הדרכים לערי מקלט[k:def] || K: thus | so || J(הָכֵן): thus || J(הָכֵן ²): preparing, designation for use on the Sabbath or Holy Day
132	ואנת	23		REVIEW_GATE אנת/-/w "ואתה" n=23	{אנת} ? אתה[j:eq:tanakh+bavli] || J(אַנְתְּ): thou.
133	ושכינתה	23	ושכינתו	rev:שכינתה/-/w/reviewed-base/a proclitic on the reviewed form שכינתה	
134	ממית	23		NO ANALYSIS	
135	עלכ	23	עליך	pron:עלכ/fixed/-/pronominal/pronominal preposition table	
136	עתיק	23		NO_HEBREW_SENSE עתיק	{עתיק} n עתיק[j:same:targum+bavli+tanakh+midrash+yerushalmi] || J(עַתִּיק): old, ancient; Hif.; remote || J(עַתִּיק ² ch): enduring, strong, old
137	שכינתכ	23		NO ANALYSIS	
138	תתברכ	23		NO ANALYSIS	
139	ומתיר	22		NO ANALYSIS	
140	להונ	22	להם	pron:להונ/fixed/-/pronominal/pronominal preposition table	
141	נשמתינ	22	נשמות	נשמתינ/-/-/reviewed/reviewed form: plural of נִשְׁמְתָא	
142	סעודתי	22		NO ANALYSIS	
143	עמא	22	עם, אומה	עמא/-/-/exact/the sense cited from bavli; the same analysis published in zohar	{עמא} n עם, אומה[k:def:bavli] ; כעס, שנאה[k:def] || J(עֵמָּא): leaven;; passion
144	וחד	21	ואחד	חד/-/w/exact/the sense cited from targum; the same analysis published in onkelos	{חד} particle אחד[k:def:bavli] ; אחד[j:eq:targum+yerushalmi+bavli] || J(חַד I bh): pointed, sharp; swift; Pl. || J(חַד II): one, singular, particular; like one; together, simultaneously
145	ויי	21		REVIEW_GATE וי/-/- "הוי" n=21	{וי} n הוי[k:def:bavli+targum] || J(וַי ch): woe;; oh! woe!; woe
146	ולית	21		REVIEW_GATE ית/-/wl "ולאת" n=21	{ית} ? את[j:eq:targum+yerushalmi+midrash] || K: a particle indicating the objective case | Partikel zur Bezeichnung des Akkusativs || J(יַת): being, existence; thee; he himself, this one
147	ותלו	21		NO ANALYSIS	
148	זוזי	21	זוזים	זוזי/-/-/reviewed/reviewed form: plural of זוּזָא (Krupnik: זוז)	
149	מלכיא	21		REVIEW_GATE מלכיא/-/- "מחלה" n=21	{מלכיא} n מחלה[k:def:midrash] || J(*מַלַכְיָא): want of appetite, nausea
150	קומי	21		REVIEW_GATE קומי/-/- "שיער" n=21	{קומי} n שיער[k:def:bavli] ; קומה[k:def:midrash] || K: before, in the presence of | in Gegenwart von || J(קוֹמֵי): before, in the presence of, prior to || J(קוֹמִי I): hair; the gentile fashion of cutting and wearing the hair; to trim the front of the hair
151	תכרע	21		NO ANALYSIS	
152	אלימ	20		AMBIGUOUS_SENSE אלימ: חזק ותקיף | רחב וגדול	{אלימ} adj חזק ותקיף[k:def:bavli] ; רחב וגדול[k:def:bavli] || J(אֵלִים): Beth-Elim || J(אַלִּים): strong, influential; violent; thick
153	דזבינ	20		NO ANALYSIS	
154	דלעלא	20		NO ANALYSIS	
155	הוות	20	היתה	הוה/pe.perf.3fs/-/irregular/reviewed choice	{הוה} v היה[r:reviewed:pe] || J(הַוָּה bh): change; misfortune || J(*הֵוָה): Ḥevah || J(הֲוָהּ): ah!
156	ואות	20		NO ANALYSIS	
157	יקירא	20		AMBIGUOUS_SENSE יקירא: כבד | נכבד | יקר המחיר	{יקירא} adj כבד[k:def:targum] ; נכבד[k:def:targum] ; יקר המחיר[k:def:targum] || 
158	מליא	20	מלא	מליא/-/-/exact/the sense cited from targum; the same analysis published in onkelos	{מליא} adj מלוא[k:def] ; מלא[j:eq:tanakh+midrash+targum+bavli] || K: full | voll || J(מַלְיָא): fulness; the fill of, as much as
159	מרננ	20		NO ANALYSIS	
160	קודשא	20	קודש, קדושה	קודשא/-/-/exact/the sense cited from targum; the same analysis published in onkelos	{קודשא} n קודש, קדושה[k:def:targum] || 
161	תקבל	20		NO ANALYSIS	
162	אבוהונ	19		NO ANALYSIS	
163	אושפיזינ	19		REVIEW_GATE אושפיז/n.pl/- "אכסניא" n=19	{אושפיז} n אכסניא[k:def:bavli] || J(אוּשְׁפֵּיז): night’s lodging, inn.; innkeepers
164	אלהא	19	אלוה	אלה/-/-/alias/the sense cited from targum; the same analysis published in onkelos	{אלה} n מקל שראשו מעובה[k:def:mishnah] ; קלשון[k:def:yerushalmi] ; אלוה[j:eq:tanakh+targum+midrash+yerushalmi] || J(אָלָה): to curse || J(אָלָה ² bh): to point; imprecation, curse || J(אֵלֶּה): these, those; v’elleh; elleh || J(אֵלָה bh): terebinth. || J(אַלָּה bh): lance, fork.; sign-pole || J(אֱלָהּ ch): God.; Pl.; gods.
165	בהונ	19	בהם	pron:בהונ/fixed/-/pronominal/pronominal preposition table; the same analysis published in onkelos	
166	דזעיר	19		NO ANALYSIS	
167	דנת	19		NO ANALYSIS	
168	דעלמא	19		NO ANALYSIS	
169	דקודשא	19	של קודש, קדושה	קודשא/-/d/exact/the sense cited from targum; the same analysis published in onkelos	{קודשא} n קודש, קדושה[k:def:targum] || 
170	דשנימ	19		NO ANALYSIS	
171	הפרת	19		NO ANALYSIS	
172	ובגינ	19	ובגלל · ולפי, משום	בגינ/-/w/exact/two senses; the same analysis published in zohar	{בגינ} other בגלל[k:def] ; לפי, משום[k:def] || 
173	חיש	19		REVIEW_GATE חוש/-/- "דאג" n=19	{חוש} n עבי[k:def] ; דאג[k:def:bavli] || K: to be affected | Schmerz empfinden || J(חוּשׁ I): thick substance; knots || J(חוּשׁ II bh): to feel, press; to feel pain, be affected; to apprehend, consider || J(חוּשׁ ch): to feel, suffer, be troubled; to apprehend, care for; to be anxious, hasten to, flee
174	כשעמד	19		NO ANALYSIS	
175	רעותכ	19		NO ANALYSIS	
176	תלת	19	שלש	תלת/-/-/exact/the sense cited from targum; the same analysis published in onkelos	{תלת} v חילק לשלשה חלקים[k:def:pa:targum] ; עשה בפעם השלישית[k:def:pa:targum] ; נעשה בפעם השלישית[k:def:itpe:targum] ; שלש[j:eq:targum+bavli+yerushalmi] || J(תַּלֵּת): to divide into three parts; to do a third time; Part. pass || J(תְּלַת): three; on the third; thirteen
177	ביומא	18	ביום	יומא/-/b/exact/reviewed choice; the same analysis published in onkelos	{יומא} n יום[k:def:bavli] ; שמש[k:def:bavli] || K: name of a treatise of the Talmud on the order of exercises of the Day of Atonement | Name eines Talmudtraktates über den Versöhnungstag
178	גברי	18		REVIEW_GATE גבר/n.pl/- "היה חזק, הלך וגדול" n=18	{גבר} v היה חזק, הלך וגדול[k:def:pe:bavli+targum] ; חיזק[k:def:pa:targum] ; עשה שיתגבר[k:def:af:bavli] ; איש[k:def:bavli] ; גבר[j:same:pe:targum+bavli] ; גבר[j:same:targum+bavli+midrash] || K: a certain man, euphem: I, thou | ein gewisser Mann, (euphem): ich, du || J(גָּבַר bh): to be uppermost, prevail; to be strong; to make strong, strengthen, sustain; to grow stron || J(גְּבַר I ch): Pi.; growing, swelling; to make strong, to cause to overpower || J(גֶּבֶר bh): man, master; cock.; m
179	דילכ	18	שלך	pron:דילכ/fixed/-/pronominal/pronominal preposition table; the same analysis published in zohar	
180	ואתא	18	ובא	אתא/-/w/exact/reviewed choice; the same analysis published in onkelos	{אתא} v סימן[k:def:targum] ; בא[k:def:pe:bavli] ; הביא[r:reviewed:af] || J(אָתָא I): letter, sign || J(אֲתָא ch): to join; to come, to arrive; to occur to; surely, indeed || J(*אָתָא III): Great Bear, Ursa Major
181	ובששונ	18		NO ANALYSIS	
182	טמירינ	18		REVIEW_GATE טמיר/n.pl/- "נסתר" n=18	{טמיר} adj נסתר[k:def:targum] || J(טָמִיר): hidden, secret;; secrecy; to live hidden
183	יברכוכה	18		NO ANALYSIS	
184	לגדיא	18		REVIEW_GATE גדיא/-/l "לגדי · למזל, אלילי האושר" n=18	{גדיא} n גדי[k:def] ; מזל, אלילי האושר[k:def:yerushalmi] || K: a man’s name | männlicher Name || K: name of a place | Ortsname
185	סתימינ	18	סתומים	סתימינ/-/-/reviewed/reviewed form: סְתַם, passive participle pl.	
186	עזוז	18		NO ANALYSIS	{עזוז} n  || J(עִזּוּז bh): majestic
187	תניא	18	נאמר בברייתא	תניא/-/-/exact/the sense cited from bavli; the same analysis published in bavli	{תניא} v נאמר בברייתא[k:def:bavli] || 
188	אספרנה	17		NO ANALYSIS	
189	ברה	17		REVIEW_GATE ברי/-/- "נקב, חדר" n=17	{ברה} ?  ||   ##  {ברי} v ברא[k:def:tanakh] ; היה בריא וחזק[k:def:bavli] ; נברא[k:def:itpe:targum+bavli] ; חיזק[k:def:bavli] ; נקב[k:def] ; נקב, חדר[k:def:pe:targum] ; חזר לאיתנו[k:def] ; חזק[k:def:mishnah+bavli] ; ודאי, ברור[k:def:bavli+yerushalmi] ; ברי[j:same:pe:targum+bavli+midrash] ; ברי[j:same:targum+bavli] || J(ברי I bh): to hollow out, perforate; to think out, plan; to create || J(ברי ch): to create; to get well, strong; to cut, shape || J(ברי II bh): to cut out; hollowed out; to strengthen, to offer refreshment || J(בָּרִי bh): in natural condition; healthy, strong, stout, fat; sound, sure, evident
190	בשורות	17		NO_HEBREW_SENSE בשורה	{בשורה} n  || J(בְּשׂוֹרָה bh): joy, glad tiding;; tidings
191	וארעא	17	ואדמה, ארץ	ארעא/-/w/exact/reviewed choice; the same analysis published in onkelos	{ארעא} n אדמה, ארץ[k:def:bavli+targum] ; מקרה[k:def:targum] ; פגע[k:def] || J(אִרְעָא): accident, occurrence; evils, diseases || J(אַרְעָא): land, earth, ground, field; gout, sore on the toes; fields
192	חדוה	17		NO ANALYSIS	{חדוה} n  || J(חֶדְוָה bh): joy, rejoicing
193	חשמונאי	17		NO ANALYSIS	
194	טבא	17	טוב	טבא/-/-/exact/reviewed choice; the same analysis published in zohar	{טבא} adj טוב[k:def:bavli] ; שוה[k:def:yerushalmi] ; ראש ונשיא[k:def:yerushalmi] ; יותר[k:def:bavli] || J(טִבָּא): rumor
195	נשמתא	17	נשמה	נשמתא/-/-/exact/the sense cited from targum; the same analysis published in zohar	{נשמתא} ? נשמה[j:same:targum] || 
196	סדרי	17		AMBIGUOUS_SENSE סדר: ערך בסדר | הרצה דברים | עושה מכמרות ורשתות	{סדר} v ערך בסדר[k:def:pe:bavli] ; הרצה דברים[k:def:bavli] ; הורצה ונאמר[k:def:itpe:targum] ; עושה מכמרות ורשתות[k:def:bavli] ; סדר[j:same:pe:targum+bavli+tanakh] || K: to allow an exemption from seizure | abschätzen (unter Ausschluß des zum Lebensunterhalt Notwendigen) || J(סָדַר): to arrange, order; Hif.; to offer praise || J(סְדַר ch): ranged; to allow exemption from seizure; to be arranged || J(סֵדֶר bh): row, pile, arrangement, order, succession; regular ho
197	סתימא	17		NO_HEBREW_SENSE סתמ	{סתמ} n סתם[j:same:pe:targum+bavli+mishnah+midrash] || K: something unknown, undefined | Unbekanntes, Unbestimmtes || K: anonymous Halakhah | anonyme Halacha || K: without terms | ohne nähere Angaben, schlechtweg || J(סָתַם bh): Saf.; to stop up, close, shut; a paragraph in the Torah separated from the preceding by a  || J(סְתַם ch): to conceal an autho
198	עלמ	17		AMBIGUOUS_SENSE עלמ: עולם | עולם הבא	{עלמ} v סגר ואטם[k:def:pa:midrash] ; חיזק[k:def:pa:targum] ; התחזק[k:def:itpe:targum] ; עולם[k:def:midrash+bavli] ; עלם[j:same:pe:targum] ; עולם[j:eq:targum+midrash+bavli] ; עולם הבא[j:eq:targum+midrash+bavli] ; עוֹלָם[h:wikt] || J(עָלַם I): to surround, tie up; to be strong; to tie up || J(עֲלֵם ch): to be strong; to strengthen; to be strengthened || J(עָלַם II bh): to surround, tie up; to conceal; ʿălumoth || J(עֶלֶם I): secret; l’‘elem; forgetfulness || J(עֶלֶם II bh): vigorous; lad; Fem || J(עָלַם III): eternity, world; 
199	עלנ	17	עלינו	pron:עלנ/fixed/-/pronominal/pronominal preposition table; the same analysis published in zohar	
200	צהלה	17		REVIEW_GATE צהלה/-/- "קול ששון ושמחה" n=17	{צהלה} n קול ששון ושמחה[k:def:midrash] || J(צְהָלָה): shouting, rejoicing; neighing of war-horses
201	קאימ	17	עמד, היה קיים	קומ/pe.ptcp.ms/-/irregular/the sense cited from bavli; the same analysis published in bavli	{קאימ} n  || J(קָאֵים): standing, rising  ##  {קומ} v עמד, היה קיים[k:def:pe:bavli] ; מי חלב[k:def:mishnah] ; קום[j:same:pe:targum+bavli+midrash+yerushalmi+tanakh] ; העמיד[r:reviewed:af] || J(קוּם bh): to stand up, rise; to stand, exist; a transgression of a prohibitive law which you must re || J(קוּם ² ch): ḥălitsah; to ascertain; to bargain for || J(קוֹם): curdled milk, curd; whey; ḳom?
202	קמי	17	לפני	קמי/-/-/reviewed/reviewed form: Jastrow קַמֵּי "before"	{קמי} n לפני[k:def:bavli] || J(קַמֵּי): before, in the presence of; before, ere
203	רויחי	17		NO ANALYSIS	
204	תורא	17	שור	תורא/-/-/reviewed/reviewed form: Jastrow תּוֹרָא ch. = h. שׁוֹר	{תורא} n תור[j:eq:bavli+targum] || J(תּוֹרָא II): row, line, order; twisted band, border || J(תַּוָּרָא): ox-driver, plougher with oxen:—Pl.
205	תכלא	17	תכלת	תכלא/-/-/exact/the sense cited from targum; the same analysis published in onkelos	{תכלא} adj חוסר בנים[k:def] ; עש[k:def:bavli] ; כאב[k:def:bavli] ; תכלת[k:def:targum] ; תכלת[j:eq:targum] || K: childless | kinderlos || J(תִּכְלָא): consumption, ruin, decay || J(תִּכְלָא III): purple-blue wool
206	תקרי	17		NO ANALYSIS	
207	איהי	16	היא	איהי/-/-/exact/the sense cited from bavli; the same analysis published in zohar	{איהי} other היא[k:def:bavli] || J(*אִיהִי II): Ihi Dakkira
208	אפקיד	16		NO_HEBREW_SENSE פקד	{פקד} v נתן צו[k:def:pa] ; פקד[j:same:pe:targum+bavli+midrash] || J(פָּקַד bh): to search, examine; to visit; to have marital connection with || J(פְּקַד ch): to command; Ithpa.; Pa.
209	אשתכח	16	נמצא	אשתכח/-/-/reviewed/reviewed form: Jastrow שְׁכַח Ithpa. "to be found"	
210	באברתו	16		NO ANALYSIS	
211	בכנ	16		REVIEW_GATE כנ/-/- "מכאן ואילך" n=16	{כנ} n כן[j:same:targum+bavli+yerushalmi] ; מכאן ואילך[j:eq:targum+bavli+yerushalmi] || J(כַּן): here || J(כֵּן I bh): so, thus; for such a purpose || J(כֵּן ch): after this; therefore; it is so; is it so, indeed? || J(כֵּן II): base, stand, rest; social status; Pi.
212	גופא	16	גוף	גופא/-/-/exact/the sense cited from targum; the same analysis published in bavli	{גופא} n גוף[k:def:midrash] ; עיקר הדבר[k:def] ; הלא יש סתירה בדבר[k:def:bavli] ; גוף[j:same:targum+midrash+bavli+yerushalmi] || K: i>Zitierungsform in der talmudischen Diskussion, wenn ein vorher gelegentlich angeführter Ausspruch zum Hauptgegenstand der Erörterung werden soll || J(גּוּפָא ch): body; self, substance; Gufa
213	דאכלה	16		NO ANALYSIS	
214	דחה	16		REVIEW_GATE דחה/-/- "דחף" n=16	{דחה} v השיב תשובה קלושה[k:def:yerushalmi] ; סילק וביטל[k:def:mishnah] ; העביר לזמן אחר[k:def:yerushalmi] ; דחף[k:def:bavli] ; פינה וביער[k:def:af:bavli] || K: to be suspended | aufgehoben werden || J(דְּחַהּ): to be merry, wanton
215	דעסקינ	16		NO ANALYSIS	
216	ויתענגו	16		NO ANALYSIS	
217	ונספר	16		NO ANALYSIS	
218	יעמס	16		NO ANALYSIS	
219	כדכתיב	16		NO ANALYSIS	
220	להבל	16		NO ANALYSIS	
221	למודי	16		NO ANALYSIS	
222	לשונרא	16		NO ANALYSIS	
223	לתתא	16	למטה	לתתא/-/-/reviewed/reviewed form: Jastrow לְתַתָּא "below"	
224	מהימנא	16	נאמן	מהימנ/n.sg/-/generated-noun/the sense cited from targum; the same analysis published in zohar	{מהימנ} adj נאמן[k:def:targum] || 
225	עולמו	16		NO ANALYSIS	
226	רויה	16		REVIEW_GATE רויה/-/- "שובע ושפע" n=16	{רויה} n שובע ושפע[k:def] || J(רְוִיָּה): saturation, fulness, satisfaction || J(רְוָיָה bh): overflow; two hundred and twenty-one; Logs
227	שלימתא	16		NO_HEBREW_SENSE שלמ	{שלמ} v כלה ונגמר[k:def:itpa] ; נפרע הכסף[k:def:itpa] ; שלם[j:same:pe:targum+bavli] ; שלום[j:eq:targum+bavli+yerushalmi] || K: to end | zu Ende sein || J(שָׁלֵם bh): to be whole, complete; to end, cease; to complete, finish; to finish the fast-day || J(שִׁלֵם ch): to be perfect, complete, finished, spent; to be peaceful, sincere, friendly; to complete,  || J(שָׁלֵם II bh): preced; whole, complete; Fem. || J(שְׁלָם): perf
228	אזניכ	15		NO ANALYSIS	
229	אשביעהו	15		NO ANALYSIS	
230	בחדותא	15		REVIEW_GATE rev:חדותא/-/b "בשמחה" n=15	
231	בנהירו	15		NO ANALYSIS	
232	ברבורימ	15		NO ANALYSIS	
233	בשמיא	15	בשמים	שמיא/-/b/exact/the sense cited from targum; the same analysis published in onkelos	{שמיא} n שמים[j:eq:targum+bavli+yerushalmi] || J(שְׁמַיָּא): heaven; God.; arch, ceiling
234	דילה	15	שלה	pron:דילה/fixed/-/pronominal/pronominal preposition table; the same analysis published in onkelos	
235	הורית	15		NO ANALYSIS	
236	הסליחה	15		NO ANALYSIS	
237	ואראהו	15		NO ANALYSIS	
238	ואתר	15		REVIEW_GATE אתר/-/w "ומקום" n=15	{אתר} n מקום[k:def:midrash] || J(אָתַר): place, town; our; local custom
239	ויחונ	15		NO ANALYSIS	
240	ויפארו	15		NO ANALYSIS	
241	וית	15	ואת	ית/-/w/exact/the sense cited from targum; the same analysis published in onkelos	{ית} ? את[j:eq:targum+yerushalmi+midrash] || K: a particle indicating the objective case | Partikel zur Bezeichnung des Akkusativs || J(יַת): being, existence; thee; he himself, this one
242	ולאה	15		NO ANALYSIS	
243	ומזוני	15		NO_HEBREW_SENSE מזונ	{מזונ} n מזון[j:same:tanakh+targum+bavli] || J(מָזוֹן bh): food, sustenance; meal; alimentation; mazon || J(מָזוֹן ² ch): ḥok
244	ונבראו	15		NO ANALYSIS	
245	יציר	15		REVIEW_GATE יצור/-/- "בריה, נברא, יציר" n=15	{יציר} n  || J(יְצִיר): creature, creation  ##  {יצור} n בריה, נברא, יציר[k:def] || 
246	יתלוננ	15		NO ANALYSIS	
247	כשלמה	15		NO ANALYSIS	
248	לחזות	15		NO ANALYSIS	
249	למושעות	15		NO ANALYSIS	
250	למעבד	15	לעשות	למעבד/-/-/reviewed/reviewed form: עֲבַד infinitive + ל	
251	נוראתיכ	15		NO ANALYSIS	
252	נספר	15		NO ANALYSIS	
253	נעימות	15		REVIEW_GATE נעימה/n.pl/- "נגון" n=15	{נעימה} n נגון[k:def] || J(נְעִימָה): taste, disposition; tune, chant; trill
254	סעדתא	15		REVIEW_GATE סעד/pa.perf.2ms/- "תמך ועזר" n=15	{סעדתא} n  || J(סַעַדְתָּא): sustenance; comfort  ##  {סעד} n אכל[k:def:bavli] ; השביע והרוה[k:def:bavli] ; תמך ועזר[k:def:pa:targum] ; סיוע[k:def:tosefta] ; סעד[j:same:pe:targum+midrash+bavli] ; סעד[j:same:targum+midrash+yerushalmi+tanakh] || K: to be supported | unterstützt werden || J(סָעַד bh): to support, strengthen; to satisfy the appetite, to satiate; to dine || J(סְעַד ch): to assist, help; to dine, eat; to satiate || J(סַעַד): support; auxiliary || J(סְעַד ² ch): support; assistance; food
255	צלותנא	15		NO ANALYSIS	
256	רוחא	15	רוח	רוחא/-/-/reviewed/reviewed form: Jastrow רוּחָא ch. = h. רוּחַ	{רוחא} ? רוח[j:same:targum+midrash+bavli] ; רוח הקדש[j:eq:targum+midrash+bavli] || 
257	תיבו	15		NO ANALYSIS	
258	אתינ	14	באים	אתא/pe.ptcp.mp/-/irregular/reviewed choice; the same analysis published in zohar	{אתא} v סימן[k:def:targum] ; בא[k:def:pe:bavli] ; הביא[r:reviewed:af] || J(אָתָא I): letter, sign || J(אֲתָא ch): to join; to come, to arrive; to occur to; surely, indeed || J(*אָתָא III): Great Bear, Ursa Major
259	בההוא	14		NO ANALYSIS	
260	בכלהו	14	בכולם	pron:כלהו/fixed/b/pronominal/pronominal preposition table; the same analysis published in zohar	
261	גו	14	תוך	גו/-/-/reviewed/reviewed form: Jastrow גּוֹ "inside"	{גו} n יש דברים בענין הזה[k:def] ; גו[j:same:targum+bavli+midrash+yerushalmi] ; קרב[j:eq:targum+bavli+midrash+yerushalmi] ; מתוך[j:eq:targum+bavli+midrash+yerushalmi] || K: belly, innermost | Inneres, Mitte || J(גֵּו bh): belly, body;; within, among || J(גֵּו ² ch): belly; innermost; among, amid; in, into; because, in consequence of
262	גיהנמ	14		NO ANALYSIS	
263	דאנת	14		D_UNKNOWN_POS אנת "של אתה"	{אנת} ? אתה[j:eq:tanakh+bavli] || J(אַנְתְּ): thou.
264	דבשמיא	14		REVIEW_GATE שמיא/-/db "של בשמים" n=14	{שמיא} n שמים[j:eq:targum+bavli+yerushalmi] || J(שְׁמַיָּא): heaven; God.; arch, ceiling
265	דהיינו	14		NO ANALYSIS	
266	דיינו	14		NO ANALYSIS	
267	דיתבי	14		NO ANALYSIS	
268	דכימ	14		REVIEW_GATE דכ/n.pl/- "פצוע דכה" n=14	{דכ} n זה, זאת[k:def] ; זה, זאת[k:def] ; פצוע דכה[k:def:bavli] || J(דֵּךְ): this, that. || J(דַּךְ bh): crushed, broken; afflicted, contrite; dakh
269	דנשכ	14		NO ANALYSIS	
270	החרוזימ	14		NO ANALYSIS	
271	ואמלאהו	14		NO ANALYSIS	
272	ובחג	14		NO ANALYSIS	
273	והוה	14		NO ANALYSIS	
274	וכלל	14		NO ANALYSIS	
275	ולעלא	14		NO ANALYSIS	
276	ונפארכ	14		NO ANALYSIS	
277	ונשבחכ	14		NO ANALYSIS	
278	חכתה	14		NO ANALYSIS	
279	יאה	14		REVIEW_GATE יאה/-/- "טוב ויפה" n=14	{יאה} adj טוב ויפה[k:def:bavli] || 
280	ישוד	14		NO ANALYSIS	
281	כדקא	14		NO ANALYSIS	
282	כיריעה	14		NO ANALYSIS	
283	לכלבא	14		NO ANALYSIS	
284	מאתר	14	ממקום	אתר/-/m/exact/single sense; the same analysis published in zohar	{אתר} n מקום[k:def:midrash] || J(אָתַר): place, town; our; local custom
285	מינכ	14	ממך	pron:מינכ/fixed/-/pronominal/pronominal preposition table; the same analysis published in bavli	
286	מרומא	14		REVIEW_GATE מרומא/-/- "מרום" n=14	{מרומא} n מרום[j:same:targum+yerushalmi] || J(מְרוֹמָא II): uplifted
287	ספירנ	14		NO ANALYSIS	
288	קדישי	14		REVIEW_GATE קדיש/n.pl/- "קדוש" n=14	{קדיש} ? קדוש[j:eq:targum+midrash+bavli+other] || J(קַדִּישׁ): holy, sacred, pure; Ḳaddish
289	קימיה	14		NO ANALYSIS	
290	שירימ	14		REVIEW_GATE שירימ/-/- "שארית, מותר" n=14	{שירימ} n שארית, מותר[k:def:bavli+yerushalmi] || 
291	שעתא	14	שעה	שעתא/-/-/exact/the sense cited from targum; the same analysis published in zohar	{שעתא} n שעה[j:eq:targum+bavli+yerushalmi] || J(שַׁעְתָּא): while, time; hour
292	תמלוכ	14		NO ANALYSIS	
293	אנש	13		REVIEW_GATE אינש/-/- "אדם" n=13	{אינש} n אדם[k:def:bavli] || J(אֱינָשׁ): being; human being; people
294	באתרא	13		NO ANALYSIS	
295	בטללי	13		NO ANALYSIS	
296	בתחנונ	13		NO ANALYSIS	
297	דאיהי	13	שהיא	דאיהי/-/-/reviewed/reviewed form: ד + אִיהִי (Krupnik: היא)	
298	דביה	13	שבו	pron:ביה/fixed/d/pronominal/pronominal preposition table; the same analysis published in zohar	
299	דחיתני	13		NO ANALYSIS	
300	דלית	13	שאין	דלית/-/-/reviewed/reviewed form: ד + לֵית (Krupnik: אין)	{דלית} n  || J(דָּלִית bh): suspended; branches of the vine trained to an espalier; grapes of the espalier
301	דמשבחינ	13		NO ANALYSIS	
302	דשנת	13		NO ANALYSIS	
303	הכלולימ	13		NO ANALYSIS	
304	התחננתי	13		NO ANALYSIS	
305	וחיינ	13		NO ANALYSIS	
306	ונטלתני	13		NO ANALYSIS	
307	ונכונ	13		NO ANALYSIS	
308	ועצר	13		NO ANALYSIS	
309	ורבננ	13	וחכמים	ורבננ/-/-/reviewed/reviewed form: ו + רַבָּנָן (Krupnik: the sages)	
310	ושכינת	13		NO ANALYSIS	
311	ושמעית	13		NO ANALYSIS	
312	ותמחל	13		NO ANALYSIS	
313	ותסלח	13		NO ANALYSIS	
314	זיע	13		REVIEW_GATE זיע/-/- "פחד והזדעזעות" n=13	{זיע} n פחד והזדעזעות[k:def:bavli] ; זיע[j:same:targum] || J(זֵיעַ): trembling, agitation || J(זִיעַ ch): earthquake; tempest; sweat
315	זמנינ	13	לפעמים	זמנינ/-/-/exact/the sense cited from bavli; the same analysis published in zohar	{זמנינ} adv לפעמים[k:def:bavli] || 
316	חנניא	13		REVIEW_GATE חננא/n.pl/- "חנון ורחום" n=13	{חננא} adj חנון ורחום[k:def:targum] ; חנון[j:eq:targum] || 
317	ינהלני	13		NO ANALYSIS	
318	לכעוס	13		NO ANALYSIS	
319	מטתי	13		NO ANALYSIS	
320	נחית	13	יורד	נחית/-/-/reviewed/reviewed form: Krupnik נְחַת "ירד", participle	
321	צדיקיא	13		NO_HEBREW_SENSE צדיק	{צדיק} n צדיק[j:same:targum+bavli] || J(צַדִּיק bh): virtuous, just, pious man; Fem. || J(צַדִּיק ² ch): pl.; Pl.; Fem.
322	רזא	13	סוד	רזא/-/-/reviewed/reviewed form: Jastrow רָזָא "mystery, secret" (= h. סוֹד)	
323	רקיע	13	מפורסם	רקיע/-/-/exact/the sense cited from bavli; the same analysis published in zohar	{רקיע} adj מפורסם[k:def:bavli] ; רקיע[j:same:targum+bavli] || J(רָקִיעַ bh): expanse, sky; Raḳiʿa
324	שקי	13		AMBIGUOUS שקיא/ "השקאה" ~ שקא/n.pl "שוק"	{שקי} v  || J(שקי): to settle; cmp. שָׁתָה ) to give drink; to water || J(שקי ² ch): Af. || J(שֳׁקִי): irrigation; a field requiring irrigation  ##  {שקיא} n השקאה[k:def:targum] ; מוזג הכוסות[k:def:bavli] || J(שַׁקְיָא): irrigation; pool; irrigated soil, garden; Masc. || J(שָׁקְיָא): butler; chief butler
325	תנא	13	שנה	תני/-/-/alias/reviewed choice; the same analysis published in bavli	{תני} v חזר ועשה[k:def:pe:targum] ; לימד[k:def:pe:targum] ; קיבל ומסר הלכה[k:def:pe:bavli] ; שינה[k:def] ; דיבר, סיפר[k:def:targum] ; לימד[k:def:af] ; נכפל[k:def:itpe:targum] ; הוגד[k:def:itpe:targum] ; הוחד[k:def:itpe:targum] ; תני[j:same:pe:targum+bavli+mishnah+yerushalmi] ; שנה[r:reviewed:pe] || J(תני bh): to repeat; to tell; to stipulate, agree, make a condition || J(תְּנֵי ch): to repeat, do a second time; Pa.; to tell, relate; to teach || J(תְּנֵי II): to be pointed, sharp; to sharpen, to speak sharp words; to be sharpened
326	אלהינ	12		NO ANALYSIS	{אלהינ} ?  || J(אִלָּהֵין): but that, unless, except, only; even only; so much the more
327	אריכינ	12		NO ANALYSIS	
328	אתת	12	באה	אתא/pe.perf.3fs/-/irregular/reviewed choice; the same analysis published in onkelos	{אתא} v סימן[k:def:targum] ; בא[k:def:pe:bavli] ; הביא[r:reviewed:af] || J(אָתָא I): letter, sign || J(אֲתָא ch): to join; to come, to arrive; to occur to; surely, indeed || J(*אָתָא III): Great Bear, Ursa Major
329	בהדינ	12		NO ANALYSIS	
330	בקמימ	12		NO_HEBREW_SENSE קמ	{קמ} n  || J(קָם bh): one standing up against, adversary. || J(קָמ־): before, in the presence of
331	דאוריתא	12		REVIEW_GATE ירת/af.perf.3fs/d "שהוריש, הנחיל" n=12	{ירת} v ירש[k:def:pe:mishnah] ; הוריש, הנחיל[k:def:af:targum] ; ירש[j:same:pe:targum+mishnah+bavli+midrash+yerushalmi] || J(יְרֵת ch): to bequeathe, leave, give possession
332	דאיתמר	12		NO ANALYSIS	
333	דבי	12		NO ANALYSIS	{דבי} v  || J(*דְּבִי): to look out, lie in wait; Pa.; to lurk for, hunt
334	דהכה	12		NO ANALYSIS	
335	דיהוה	12		NO ANALYSIS	
336	דיננו	12		NO ANALYSIS	
337	דמתחדשינ	12		NO ANALYSIS	
338	דעני	12		NO ANALYSIS	
339	דשליט	12		NO_HEBREW_SENSE שליט	{שליט} n שליט[j:same:targum] || J(שַׁלִּיט bh): having control, ruler; Fem. || J(שַׁלִּיט ² ch): Fem.
340	הלמד	12		NO ANALYSIS	
341	המצא	12		NO ANALYSIS	
342	ויעריצו	12		NO ANALYSIS	
343	וירוממו	12		NO ANALYSIS	
344	ומצלאינ	12		NO ANALYSIS	
345	ומצפצפינ	12		NO ANALYSIS	
346	ונירש	12		NO ANALYSIS	
347	ורחמינ	12		NO ANALYSIS	
348	ותעיל	12		NO ANALYSIS	
349	זרעא	12		AMBIGUOUS_SENSE זרע: נטע	{זרע} v נטע[k:def:pe:yerushalmi] ; נזרע[k:def:itpe] ; זרע[j:same:pe:targum+midrash+yerushalmi] ; זרע[j:same:targum+yerushalmi] || K: to sow | säen || J(זָרַע bh): to strew, sow.; to be sown, to be stocked with seed; to emit semen || J(זְרַע I ch): Nif.; Hif. || J(זֶרַע bh): seed;; semen; issue, descent || J(זְרַע II ch): seed-capsule
350	טבונ	12		NO_HEBREW_SENSE טבוא	{טבוא} n  || J(טַבְוָא): beneficence, good deed
351	יאות	12	ראוי	יאות/-/-/reviewed/reviewed form: Jastrow יָאוּת "it is proper"	{יאות} adv  || K: well, right | richtig, schön || K: honesty | Redlichkeit || J(יָאוּת ch): propriety;; right; properly; it is right
352	יהונ	12	יהיו	הוה/pe.impf.3mp/-/irregular/reviewed choice; the same analysis published in onkelos	{הוה} v היה[r:reviewed:pe] || J(הַוָּה bh): change; misfortune || J(*הֵוָה): Ḥevah || J(הֲוָהּ): ah!
353	יכבשו	12		NO ANALYSIS	
354	יפאר	12		NO ANALYSIS	
355	יפארוכ	12		NO ANALYSIS	
356	לאתר	12	למקום	אתר/-/l/exact/single sense; the same analysis published in onkelos	{אתר} n מקום[k:def:midrash] || J(אָתַר): place, town; our; local custom
357	לחוטרא	12		NO ANALYSIS	
358	למנוחתכ	12		NO ANALYSIS	
359	לסעדא	12		NO ANALYSIS	
360	נשיר	12		NO ANALYSIS	
361	נשמח	12		NO ANALYSIS	
362	סברי	12	סוברים	סברי/-/-/reviewed/reviewed form: Krupnik סְבַר "חשב"; Jastrow סְבַר ch. (h. סָבַר), participle plural	
363	סמניה	12		NO ANALYSIS	
364	פורקנה	12		NO ANALYSIS	
365	צה	12		NO ANALYSIS	
366	ציפרי	12		NO ANALYSIS	{ציפרי} ?  || 
367	רעיא	12	רועה	רעיא/-/-/exact/reviewed choice; the same analysis published in onkelos	{רעיא} n רועה[k:def:targum] ; מרעה[k:def] || J(רָעֲיָא): shepherd; Fem.
368	רשו	12	רשות	רשו/-/-/reviewed/reviewed form: Jastrow רְשׁוּ "permission, power"	{רשו} n הרשאה, יפוי כח[k:def:yerushalmi] ; רשיון[k:def:targum] ; הלואה[k:def:targum] || 
369	שלימו	12		NO ANALYSIS	
370	שתא	12		REVIEW_GATE שתא/-/- "שנה" n=12	{שתא} n שנה[k:def:bavli] ; שנה[j:eq:targum+bavli+midrash] || J(שַׁתָּא): year
371	שתעלנו	12		NO ANALYSIS	
372	תכניס	12		NO ANALYSIS	
373	תני	12	שנה	תני/-/-/exact/reviewed choice; the same analysis published in bavli	{תני} v חזר ועשה[k:def:pe:targum] ; לימד[k:def:pe:targum] ; קיבל ומסר הלכה[k:def:pe:bavli] ; שינה[k:def] ; דיבר, סיפר[k:def:targum] ; לימד[k:def:af] ; נכפל[k:def:itpe:targum] ; הוגד[k:def:itpe:targum] ; הוחד[k:def:itpe:targum] ; תני[j:same:pe:targum+bavli+mishnah+yerushalmi] ; שנה[r:reviewed:pe] || J(תני bh): to repeat; to tell; to stipulate, agree, make a condition || J(תְּנֵי ch): to repeat, do a second time; Pa.; to tell, relate; to teach || J(תְּנֵי II): to be pointed, sharp; to sharpen, to speak sharp words; to be sharpened
374	אביי	11		NO ANALYSIS	
375	אחלצהו	11		NO ANALYSIS	
376	אריכי	11		NO ANALYSIS	
377	אשגבהו	11		NO ANALYSIS	
378	בישינ	11	רעים	בישינ/-/-/reviewed/reviewed form: plural of בִּישׁ	
379	דאתי	11		NO ANALYSIS	
380	דגול	11		REVIEW_GATE דגול/-/- "רמאות" n=11	{דגול} n רמאות[k:def:midrash] || 
381	דהוא	11		NO ANALYSIS	
382	דו	11		AMBIGUOUS_SENSE דו: שהוא | זה	{דו} particle שהוא[k:def] ; זה[k:def] || K: who, which, the same | welcher || K: two | zwei || J(דּוּ I): who, which is, since he, it || J(דּוּ II): this, that || J(דּוּ III): two, double
383	דרשיכ	11		NO ANALYSIS	
384	המתרגשות	11		NO ANALYSIS	
385	הנסתרות	11		NO ANALYSIS	
386	הצלחה	11		NO ANALYSIS	
387	ואכבדהו	11		NO ANALYSIS	
388	ואענהו	11		NO ANALYSIS	
389	ואפלטהו	11		NO ANALYSIS	
390	ודלא	11		AMBIGUOUS rev:דלא/ "ושלא" ~ דלא/ "ונזל"	
391	והופע	11		NO ANALYSIS	
392	ולסליחת	11		NO ANALYSIS	
393	ולששונ	11		NO ANALYSIS	
394	ומזונא	11		NO ANALYSIS	
395	ונשמח	11		NO ANALYSIS	
396	ונתלוננ	11		NO ANALYSIS	
397	ועלמיא	11		NO ANALYSIS	
398	ותמחול	11		NO ANALYSIS	
399	ותשכונ	11		NO ANALYSIS	
400	ותתאי	11		NO ANALYSIS	
401	זכאה	11	צדיק	זכאה/-/-/exact/the sense cited from targum; the same analysis published in onkelos	{זכאה} adj צדיק[k:def:targum] ; זכאה[j:same:targum] || J(זַכָּאָה ² ch): clear, innocent
402	חדתינ	11		REVIEW_GATE חדת/n.pl/- "חדש" n=11	{חדת} v חידש[k:def:pa:bavli] ; התחדש[k:def:itpe:targum] ; חדש[k:def] ; חדש[j:eq:targum+bavli+mishnah+yerushalmi] ; חדש[j:eq:targum+bavli] || J(חֲדַת ch): T’fillin || J(חַדִּת): to renew, restore; to add something new, to change; to make an exception; to be renewed
403	ידיע	11		NO ANALYSIS	
404	ינחמני	11		NO ANALYSIS	
405	ירביצני	11		NO ANALYSIS	
406	ירדפוני	11		NO ANALYSIS	
407	ירוינ	11		NO ANALYSIS	
408	ישובב	11		NO ANALYSIS	
409	כנסת	11	כנסת	כנסת/-/-/reviewed/reviewed form: = h. כְּנֶסֶת (כנסת ישראל)	{כנסת} n אספה, קיבוץ[k:def:midrash+mishnah] ; בית הכנסת, בית התפלה[k:def:midrash+mishnah] || J(כְּנֶסֶת): gathering, storage; assembly, community, congregation; congregation of worshippers
410	לבהלה	11		NO ANALYSIS	
411	לנורא	11		NO ANALYSIS	
412	לסגלתו	11		NO ANALYSIS	
413	מנכ	11	ממך	pron:מנכ/fixed/-/pronominal/pronominal preposition table; the same analysis published in onkelos	
414	משיחא	11		REVIEW_GATE משיחא/-/- "משיח" n=11	{משיחא} n משוח למלכות[k:def] ; חבל[k:def:yerushalmi] ; משיח[j:same:targum+midrash+mishnah+bavli] || J(מְשִׁיחָא I ch): the Messiah || J(מְשִׁיחָא II): rope
415	נביעו	11		NO ANALYSIS	
416	נהורכ	11		NO ANALYSIS	
417	נחסה	11		NO ANALYSIS	
418	ניגע	11		NO_HEBREW_SENSE נגע	{נגע} v נגע[j:same:pe:bavli+yerushalmi+midrash+targum] || J(נָגַע bh): to touch; to strike; to injure; an interested witness; Hif. || J(נְגַע ch): to touch; to bring in contact; to afflict || J(נֶגַע bh): plague; suspected leprosy.; the laws concerning plagues
419	נלד	11		NO ANALYSIS	
420	סטרא	11	צד	סטרא/-/-/exact/the sense cited from targum; the same analysis published in zohar	{סטרא} n צד[k:def:targum] || 
421	עבדא	11		REVIEW_GATE עבד/-/- "עשה" n=11	{עבד} v תיקן והכשיר[k:def:bavli] ; עבד[j:same:pe:targum+bavli+midrash+yerushalmi] ; עבד[j:same:targum+midrash+bavli+yerushalmi] ; עשה[r:reviewed:pe] || K: to tan | gerben || J(עָבַד bh): to work; to serve, work for.; to do priestly service || J(עֲבַד I ch): to do, labor; to make; to act; to do, fare, prosper; to spend time || J(עֶבֶד bh): slave; servant || J(עֲבַד ch): worshipper
422	פודנו	11		NO ANALYSIS	
423	צלותהונ	11		NO ANALYSIS	
424	קימתיה	11		NO ANALYSIS	
425	קמימ	11		NO_HEBREW_SENSE קמ	{קמ} n  || J(קָם bh): one standing up against, adversary. || J(קָמ־): before, in the presence of
426	שליט	11		NO_HEBREW_SENSE שליט	{שליט} n שליט[j:same:targum] || J(שַׁלִּיט bh): having control, ruler; Fem. || J(שַׁלִּיט ² ch): Fem.
427	שמהנ	11	שמות	שמהנ/-/-/reviewed/reviewed form: plural of שְׁמָא (= h. שֵׁם)	
428	שמיה	11	שמו	שמיה/-/-/reviewed/reviewed form: שְׁמָא + ־יה	
429	תאזינ	11		NO ANALYSIS	
430	תחננו	11		NO ANALYSIS	
431	אוריתה	10		NO ANALYSIS	
432	באלהא	10		REVIEW_GATE אלה/-/b "באלוה" n=10	{אלה} n מקל שראשו מעובה[k:def:mishnah] ; קלשון[k:def:yerushalmi] ; אלוה[j:eq:tanakh+targum+midrash+yerushalmi] || J(אָלָה): to curse || J(אָלָה ² bh): to point; imprecation, curse || J(אֵלֶּה): these, those; v’elleh; elleh || J(אֵלָה bh): terebinth. || J(אַלָּה bh): lance, fork.; sign-pole || J(אֱלָהּ ch): God.; Pl.; gods.
433	בכסה	10		NO ANALYSIS	
434	דאחד	10		NO ANALYSIS	
435	דגלימ	10		NO_HEBREW_SENSE דגל	{דגל} v מעל וכיחש[k:def:pa:targum] ; דגל[j:same:targum] || J(דָּגַל I): Pi.; to outgeneral, play tricks; who form an assembly || J(דְּגַל ch): Pa. || J(דָּגַל II): Nif.; to be divided in troops, arranged; those arranged in troops, the hosts of heaven || J(דֶּגֶל bh): troop, division, cohort; caterva; ;standard
436	דיקר	10		NO ANALYSIS	
437	דלבאי	10		NO ANALYSIS	
438	דסגידנא	10		NO ANALYSIS	
439	דעתיקא	10		NO_HEBREW_SENSE עתיק	{עתיק} n עתיק[j:same:targum+bavli+tanakh+midrash+yerushalmi] || J(עַתִּיק): old, ancient; Hif.; remote || J(עַתִּיק ² ch): enduring, strong, old
440	דשרפ	10		NO ANALYSIS	
441	דתוריכ	10		NO ANALYSIS	
442	דתפתח	10		NO ANALYSIS	
443	ואוריתה	10		NO ANALYSIS	
444	ואחוה	10		NO ANALYSIS	
445	ואתרכ	10		NO ANALYSIS	
446	ובעותהונ	10		NO ANALYSIS	
447	ובעי	10		NO ANALYSIS	
448	וגמילות	10		NO ANALYSIS	
449	ודקדוקיה	10		NO ANALYSIS	
450	וחיש	10		REVIEW_GATE חוש/-/w "ודאג" n=10	{חוש} n עבי[k:def] ; דאג[k:def:bavli] || K: to be affected | Schmerz empfinden || J(חוּשׁ I): thick substance; knots || J(חוּשׁ II bh): to feel, press; to feel pain, be affected; to apprehend, consider || J(חוּשׁ ch): to feel, suffer, be troubled; to apprehend, care for; to be anxious, hasten to, flee
451	וידגו	10		NO ANALYSIS	
452	וירקידמ	10		NO ANALYSIS	
453	וכלהו	10	וכולם	pron:כלהו/fixed/w/pronominal/pronominal preposition table; the same analysis published in zohar	
454	ולמנטר	10		NO ANALYSIS	
455	ומלכותא	10		REVIEW_GATE מלכותא/-/w "וממשלה" n=10	{מלכותא} n ממשלה[k:def:bavli] || J(מַלְכוּתָא): kingdom, rulership; Pl.
456	ומרחמ	10		NO ANALYSIS	
457	ונביאוהי	10		NO ANALYSIS	
458	ועתיקא	10		REVIEW_GATE rev:עתיקא/-/w "והעתיק" n=10	
459	ור	10		NO ANALYSIS	
460	ורוממתנו	10		NO ANALYSIS	
461	ורצויה	10		NO ANALYSIS	
462	ותתא	10	ומטה	ותתא/-/-/reviewed/reviewed form: ו + תַּתָּא "below"	
463	ותתאינ	10		NO ANALYSIS	
464	חדי	10	שמח	חדי/-/-/exact/reviewed choice; the same analysis published in onkelos	{חדי} v שמח[k:def:pe:bavli] ; אַחְדֵי שימח[k:def:pa:targum+yerushalmi] || J(חֲדֵי bh): to be bright, glad; to rejoice; to gladden; to observe a festival
465	יהיב	10		NO_HEBREW_SENSE יהב	{יהב} v  || J(יְהַב): to give; to deal; to put, place
466	יחולל	10		NO ANALYSIS	
467	ינוסונ	10		NO ANALYSIS	
468	יענהו	10		NO ANALYSIS	
469	ירחי	10		REVIEW_GATE ירח/n.pl/- "ירח" n=10	{ירח} n ירח[j:eq:targum+midrash+tanakh+bavli] || J(יָרֵחַ bh): traveller; moon || J(יֶרַח): arḥu; month; Yeraḥ || J(יְרַח ch): moon; month; first day of the month, New-Moon-Day
470	ישבעונ	10		NO ANALYSIS	
471	ישלוט	10		NO ANALYSIS	
472	יתי	10	אותי	pron:יתי/fixed/-/pronominal/pronominal preposition table; the same analysis published in onkelos	
473	יתיב	10	ישב	יתב/-/-/alias/reviewed choice; the same analysis published in onkelos	{יתב} v ישב[k:def:pe:bavli] ; נתן[k:def:pe:bavli] ; הושיב[k:def:pa:targum] ; הרגיע[k:def:pa] ; הושיב[k:def:af:targum] ; הקשה, שאל[k:def:af] ; נח[k:def:itpe:bavli] ; ישב[j:eq:targum+bavli+tanakh+midrash] ; הושיב[r:reviewed:af] || K: i>to dwell | sich aufhalten || J(יתֵב ch): to sit, dwell; to be inhabited, settled; inhabited || J(יְתֵב II): to give; to place; to give || J(יָתֵב): inhabitant
474	לאשי	10		NO ANALYSIS	
475	לאשתמודעא	10		NO ANALYSIS	
476	לגופא	10		REVIEW_GATE גופא/-/l "לגוף" n=10	{גופא} n גוף[k:def:midrash] ; עיקר הדבר[k:def] ; הלא יש סתירה בדבר[k:def:bavli] ; גוף[j:same:targum+midrash+bavli+yerushalmi] || K: i>Zitierungsform in der talmudischen Diskussion, wenn ein vorher gelegentlich angeführter Ausspruch zum Hauptgegenstand der Erörterung werden soll || J(גּוּפָא ch): body; self, substance; Gufa
477	להטבת	10		NO ANALYSIS	
478	למרחמ	10		NO ANALYSIS	
479	לשבעימ	10		NO ANALYSIS	
480	לשפוט	10		NO ANALYSIS	
481	משאלינ	10		NO ANALYSIS	
482	מששת	10		NO ANALYSIS	
483	נהלת	10		NO ANALYSIS	
484	ניב	10		NO ANALYSIS	{ניב} v  || J(נִיב): to flow || J(נִיב ² bh): flow, overflow; that which hangs over; upper lip
485	נקדישכ	10		NO ANALYSIS	
486	נריע	10		NO ANALYSIS	
487	סמיכנא	10		REVIEW_GATE סמכ/pe.pass.1s/- "משען" n=10	{סמכ} v עיבה[k:def:pa:bavli] ; חיזק[k:def:bavli] ; נתן תמיכה ומשען[k:def] ; משען[k:def:targum] ; סמך[j:same:pe:targum+bavli+yerushalmi+midrash+mishnah] || J(סָמַךְ bh): to close, join; to pack, make close, stamp.; to support, stem || J(סְמַךְ I ch): to press, lay hands on, lean on; to support, uphold; to rest on; to rely, feel safe || J(סְמַךְ II): support; help
488	סממניה	10		NO ANALYSIS	
489	עירינ	10		AMBIGUOUS_SENSE עור: מוץ	{עור} n מוץ[k:def:yerushalmi] ; עור[j:same:pe:targum+bavli+yerushalmi+midrash+tanakh] ; עור[j:same:pe:targum+bavli] || J(עוּר I bh): to be stirred up; to wake; to be awake, wake up; to be stirred up, become active || J(עוּר ch): to stir up, awaken; to awake; Af.; Part. pass. || J(עוּר II ch): husk, chaff || J(עוֹר bh): skin, hide || J(עִוֵּר I bh): white, blank; blind; ‘ivver || J(עִוֵּר II bh): to blind; to cause p
490	פקידא	10		REVIEW_GATE פקד/pa.perf.3fs/- "נתן צו" n=10	{פקד} v נתן צו[k:def:pa] ; פקד[j:same:pe:targum+bavli+midrash] || J(פָּקַד bh): to search, examine; to visit; to have marital connection with || J(פְּקַד ch): to command; Ithpa.; Pa.
491	רוממה	10		NO ANALYSIS	
492	רחיצ	10		REVIEW_GATE רחצ/-/- "נסמך, בטח" n=10	{רחצ} v נטהר[k:def:itpe] ; כיבס וניקה[k:def:af:tosefta] ; נסמך, בטח[k:def:pe:bavli] ; נתן אמון בלב איש[k:def:af:targum] || J(רָחַץ bh): to bathe, wash; to wash, cleanse; erḥats || J(רְחֵץ): to lean on; to trust; to be safe; to cause to trust
493	רחיצנא	10		REVIEW_GATE רחצ/pe.pass.1s/- "נסמך, בטח" n=10	{רחצ} v נטהר[k:def:itpe] ; כיבס וניקה[k:def:af:tosefta] ; נסמך, בטח[k:def:pe:bavli] ; נתן אמון בלב איש[k:def:af:targum] || J(רָחַץ bh): to bathe, wash; to wash, cleanse; erḥats || J(רְחֵץ): to lean on; to trust; to be safe; to cause to trust
494	שביעאה	10		REVIEW_GATE שביעאה/-/- "דשביעי" n=10	{שביעאה} particle דשביעי[k:def:targum] ; שביעי[j:eq:targum] || J(שְׁבִיעָאָה): seventh; Fem.
495	שגיא	10		AMBIGUOUS_SENSE שגי: נבוך | נפקד, נעדר	{שגי} v נבוך[k:def:pe:targum] ; טעה[k:def:pe] ; נפקד, נעדר[k:def:pe:targum] ; שגי[j:same:pe:targum+bavli] || J(שגי bh): to be confused; to reel; to err; to cause to reel; to lead astray || J(שְׁגֵי ch): to reel, be intoxicated; to err, deviate; to be lost, missed
496	שמשא	10	חמה, שמש	שמשא/-/-/exact/reviewed choice; the same analysis published in onkelos	{שמשא} n חמה, שמש[k:def:midrash] ; קדחת[k:def:bavli] ; שמש[j:same:targum+bavli+midrash+tanakh] ; שמש[j:eq:targum+yerushalmi] || J(שִׁמְשָׁא ch): Pl.; at twilight; Friday evening, Sabbath eve || J(שַׁמָּשָׁא): prostitute
497	שקיו	10		NO ANALYSIS	
498	תדומ	10		NO ANALYSIS	
499	תטשני	10		NO ANALYSIS	
500	תסובבני	10		NO ANALYSIS	
501	תצרני	10		NO ANALYSIS	
502	תקיפ	10		NO_HEBREW_SENSE תקיפ	{תקיפ} n תקיף[j:same:targum+bavli] || J(תַּקִּיף bh): strong, powerful; Fem. || J(תַּקִּיף ² ch): strong, mighty; protector; hard, stern, severe; Fem.
503	תרמס	10		NO ANALYSIS	
504	תשבחנ	10		NO ANALYSIS	
505	תשקמ	10		NO ANALYSIS	
506	אזכה	9		NO ANALYSIS	
507	אשיר	9		REVIEW_GATE נשר/af.perf.3ms/- "הפיל" n=9	{נשר} v נפל, ניתק ממקום חיבורו[k:def:pe] ; עקר ומרט[k:def:pa] ; הפיל[k:def:af:bavli] ; נשר[j:same:pe:midrash+bavli+targum] || J(נָשַׁר): to drop, fall off.; pereṭ; to let fall, drop || J(נְשַׁר I ch): to fall off; to lacerate; to cause to fall off, drop || J(נֶשֶׁר I): dropping, dropped fruit || J(נֶשֶׁר II): Pi.; eagle || J(נְשַׁר II): Nishra; Nasr
508	אתערו	9		REVIEW_GATE אתערותא/n.sg/- "התעוררות" n=9	{אתערותא} n התעוררות[k:def:targum] ; התעוררות[h:wikt] || J(אַתְעָרוּתָא): inciting, exciting the funeral escort to weeping
509	בהדיה	9	עמו	pron:בהדיה/fixed/-/pronominal/pronominal preposition table; the same analysis published in bavli	
510	ביר	9		AMBIGUOUS_SENSE ביר: באר | בור	{ביר} n בן[k:def:bavli] ; באר[j:eq:targum+bavli+midrash+yerushalmi] ; בור[j:eq:targum+bavli+midrash+yerushalmi] || J(בִּיר): son || J(בֵּיר ch): pit, hole; Bera
511	בכבלי	9		NO ANALYSIS	
512	בנעמ	9		NO ANALYSIS	
513	גלותא	9	גלות	גלותא/-/-/exact/the sense cited from targum; the same analysis published in zohar	{גלותא} n גלות[k:def] ; ראש הגולים בבבל[k:def] ; גלות[j:same:targum+bavli] || J(גָּלוּתָא ch): Resh-Galutha; exiles
514	געלתימ	9		NO ANALYSIS	
515	דאית	9	שיש	דאית/-/-/reviewed/reviewed form: ד + אִית (Krupnik: יש)	{דאית} v חמד[k:def:pe] || 
516	דאשקי	9		NO ANALYSIS	
517	דדוד	9		NO ANALYSIS	
518	דיי	9		NO ANALYSIS	{דיי} ?  || 
519	דצלותא	9		NO ANALYSIS	
520	דרועא	9		AMBIGUOUS_SENSE דרע: זרע | זרע, מזרע | צאצאים	{דרע} v זרע[k:def:pe:targum] ; זרע, מזרע[k:def:targum] ; צאצאים[k:def:targum] || J(דְּרַע I): to sow || J(דְּרַע II): seed, produce; offspring || J(דְּרַע III): arm; shoulder
521	דתו	9		NO ANALYSIS	
522	הזידונימ	9		NO ANALYSIS	
523	הי	9		REVIEW_GATE הי/-/- "איה, היכן" n=9	{הי} particle איה, היכן[k:def:bavli] || K: behold, here is | siehe, hier ist || K: which? | welcher? || J(הֵי II): behold, here is; helakh, the instantaneous delivery of the amount confessed; which? || J(הִי II): grief; woe! oh!
524	המנחילנו	9		NO ANALYSIS	
525	הנחשלימ	9		NO ANALYSIS	
526	הנעקד	9		NO ANALYSIS	
527	וב	9		NO ANALYSIS	
528	ובהונ	9	ובהם	pron:בהונ/fixed/w/pronominal/pronominal preposition table; the same analysis published in zohar	
529	וביני	9		NO ANALYSIS	
530	והבזויה	9		NO ANALYSIS	
531	וההוא	9	וההוא	וההוא/-/-/reviewed/reviewed form: ו + הַהוּא "that"	
532	וכדומה	9		NO ANALYSIS	
533	ולאמטויי	9		NO ANALYSIS	
534	ונונינ	9		NO ANALYSIS	
535	ועגב	9		NO ANALYSIS	
536	ושומ	9		NO ANALYSIS	
537	ותמלוכ	9		NO ANALYSIS	
538	ותרעד	9		NO ANALYSIS	
539	ותרפאני	9		NO ANALYSIS	
540	ותתנהג	9		NO ANALYSIS	
541	ותתקדש	9		NO ANALYSIS	
542	זוננו	9		NO ANALYSIS	
543	חגנו	9		NO ANALYSIS	
544	חוזכ	9		NO ANALYSIS	
545	חשרת	9		NO ANALYSIS	
546	טמירא	9		REVIEW_GATE טמיר/-/- "נסתר" n=9	{טמיר} adj נסתר[k:def:targum] || J(טָמִיר): hidden, secret;; secrecy; to live hidden
547	יאספונ	9		NO ANALYSIS	
548	יאספני	9		NO ANALYSIS	
549	יבהלונ	9		NO ANALYSIS	
550	יבראונ	9		NO ANALYSIS	
551	יגועונ	9		NO ANALYSIS	
552	יזכנו	9		NO ANALYSIS	
553	יחוה	9		NO ANALYSIS	
554	יחסיונ	9		NO ANALYSIS	
555	יחפזונ	9		NO ANALYSIS	
556	ילקטונ	9		NO ANALYSIS	
557	ימינא	9	ימין	ימינא/-/-/exact/the sense cited from targum; the same analysis published in onkelos	{ימינא} ? ימין[j:same:targum+midrash] || 
558	יעברונ	9		NO ANALYSIS	
559	ירוממני	9		NO ANALYSIS	
560	ישברונ	9		NO ANALYSIS	
561	ישגבכ	9		NO ANALYSIS	
562	יתקדש	9		NO ANALYSIS	
563	כסיתו	9		NO ANALYSIS	
564	לאילנא	9		REVIEW_GATE אילנ/-/l "לעץ" n=9	{אילנ} n עץ[k:def:midrash] ; אילן[j:same:targum+bavli+midrash] || J(אִילָּן): oak; tree.
565	להצהיל	9		NO ANALYSIS	
566	לעולמי	9		NO ANALYSIS	
567	מאמא	9		NO_HEBREW_SENSE נאמ	{נאמ} v  || J(נָאַם): to speak
568	מאסתימ	9		NO ANALYSIS	
569	מכוניה	9		NO_HEBREW_SENSE מכונ	{מכונ} n  || J(מָכוֹן bh): defined place; plan; residence; Makhon
570	מלגאו	9		NO ANALYSIS	
571	ממצוקותיהמ	9		NO ANALYSIS	
572	מנהונ	9	מהם	pron:מנהונ/fixed/-/pronominal/pronominal preposition table; the same analysis published in onkelos	
573	מנוחתמ	9		NO ANALYSIS	
574	מעליותיו	9		NO ANALYSIS	
575	נאדרי	9		NO ANALYSIS	
576	נהורא	9	אור	נהורא/-/-/reviewed/reviewed form: Jastrow נְהוֹרָא "light"	
577	נסיונ	9		REVIEW_GATE נסיונ/-/- "מסה" n=9	{נסיונ} n מסה[k:def:bavli+targum] ; נסיון[j:same:targum+bavli+yerushalmi+midrash] || J(נִסָּיוֹן): lifting up; trial, test; temptation || J(נִסָּיוֹן ² ch): sign, test, trial; wonder, providential escape, salvation
578	נפוצותינו	9		NO ANALYSIS	
579	נפלא	9		AMBIGUOUS נפל/pe.ptcp.fs "נופלת" ~ פלי/pe.impf.1pl "נבקע"	{נפלא} n  || J(נִפְלָא II ch): giant || J(נִפְלָא III): miracles  ##  {נפל} v נתפורר[k:def:itpe] ; נפל[j:same:pe:targum+bavli] || J(נָפַל bh): to fall, lie down; to be dropped; to occur; to cause to fall; to throw down; to miscarry || J(נְפַל ch): Hif.; to be upset, fall in || J(נֵפֶל): capacity for seed; abortion; premature, not viable birth
580	נקדמה	9		NO ANALYSIS	
581	נריעה	9		NO ANALYSIS	
582	סב	9		AMBIGUOUS_SENSE סב: שב | זקן	{סב} adj זקן[k:def:yerushalmi] ; חכם, מלומד[k:def] ; שב[j:eq:targum+bavli+midrash+tanakh+yerushalmi] ; זקן[j:eq:targum+bavli+midrash+tanakh+yerushalmi] || J(סָב ch): grey, old; elder; ancestor; scholar; grandfather; Fem
583	סגלתו	9		NO ANALYSIS	
584	עגומימ	9		NO ANALYSIS	
585	עליותיו	9		NO ANALYSIS	
586	עמיה	9	עמו	pron:עמיה/fixed/-/pronominal/pronominal preposition table; the same analysis published in onkelos	
587	עפאימ	9		NO ANALYSIS	
588	פדיומ	9		NO ANALYSIS	
589	פזמונ	9		NO ANALYSIS	
590	קותה	9		NO ANALYSIS	
591	ריחה	9		NO ANALYSIS	
592	רעד	9		NO_HEBREW_SENSE רעד	{רעד} v רעד[j:same:pe:targum+bavli+yerushalmi] || J(רָעַד bh): to tremble; to shake || J(רְעַד ch): to shake; to be shaken, tremble
593	שירותא	9		REVIEW_GATE שירותא/-/- "שירות" n=9	{שירותא} n סעודה[k:def:bavli] ; שירות[j:same:targum] || K: service | Dienst || J(שֵׁירוּתָא ²): beginning. || J(שֵׁירוּתָא ³): rest, encampment,; meal, refreshment; ration, sustenance
594	שכינת	9		NO ANALYSIS	
595	תבאמו	9		NO ANALYSIS	
596	תבלעמו	9		NO ANALYSIS	
597	תוב	9		REVIEW_GATE תוב/-/- "שב, חזר" n=9	{תוב} v שב, חזר[k:def:pe:targum] ; השיב[k:def:af:targum] ; הקשה, פירך[k:def:af:bavli] ; הושב[k:def:itpe] ; הופרך[k:def:itpe:yerushalmi] ; שוב[j:eq:targum+tanakh+bavli+midrash] ; שוב[j:eq:targum+bavli+yerushalmi] || J(תּוּב I): to go back, return, do again; to restore; to go back on, || J(תּוּב II): again, furthermore
598	תזכנו	9		NO ANALYSIS	
599	תזרח	9		NO ANALYSIS	
600	תנובת	9		NO ANALYSIS	
601	תסב	9		NO ANALYSIS	
602	תצריכנו	9		NO ANALYSIS	
603	תקטירו	9		NO ANALYSIS	
604	תרעצ	9		NO ANALYSIS	
605	תתנני	9		NO ANALYSIS	
606	אינונ	8	הם	pron:אינונ/fixed/-/pronominal/pronominal preposition table; the same analysis published in onkelos	{אינונ} ?  || 
607	איתנימ	8		NO_HEBREW_SENSE איתנ	{איתנ} n  || J(אֵיתָן bh): essence, permanent; normal condition; essential, strong
608	אמנו	8		NO ANALYSIS	
609	אסירי	8		NO_HEBREW_SENSE אסיר	{אסיר} n  || J(אָסִיר bh): prisoner. || J(אָסִיר ²): imprisoned, prisoner; tied, connected; forbidden
610	אפיכ	8		REVIEW_GATE אפכ/-/- "הפך" n=8	{אפכ} v הפך[k:def:pe:bavli] || J(אָפַךְ bh): to turn, change, reverse, overthrow. || J(אֲפַךְ): to turn; to turn around, to flee; to make turn around, to beat; to reverse the oath, shift
611	אשיג	8		NO ANALYSIS	
612	אתידע	8		NO_HEBREW_SENSE ידע	{ידע} v ידע[j:same:pe:targum+bavli+midrash] ; הודיע[r:reviewed:af] || J(יָדַע bh): to point out, select, love; to recognize, know; to find out; Part. pass || J(יְדַע ch): Hif.; Part. pass; friend
613	אתנהיג	8		NO ANALYSIS	
614	בארעא	8	באדמה, ארץ	ארעא/-/b/exact/reviewed choice; the same analysis published in onkelos	{ארעא} n אדמה, ארץ[k:def:bavli+targum] ; מקרה[k:def:targum] ; פגע[k:def] || J(אִרְעָא): accident, occurrence; evils, diseases || J(אַרְעָא): land, earth, ground, field; gout, sore on the toes; fields
615	בבניה	8		NO ANALYSIS	
616	בגימטריא	8		NO ANALYSIS	
617	בדא	8	בזה	בדא/-/-/reviewed/reviewed form: ב + דָּא "this"	{בדא} v המציא ובדה[k:def:pa:yerushalmi] ; ביזא[k:def:pe:midrash] ; בד[j:eq:bavli] ; בד[j:eq:yerushalmi] || J(בַּדָּא II): fine linen woof || J(בְּדָא): in this case
618	בחירתכ	8		NO ANALYSIS	
619	בסעודתא	8		REVIEW_GATE rev:סעודתא/-/b "בסעודה" n=8	
620	בעזרו	8		NO ANALYSIS	
621	בצלא	8		REVIEW_GATE בוצלא/-/- "בצל" n=8	{בוצלא} n בצל[k:def:targum] || J(בּוּצְלָא ch): onion.
622	ברחמינ	8		NO ANALYSIS	
623	ברמ	8		NO ANALYSIS	{ברמ} particle  || J(בְּרַם ch): to split; besides; however.
624	בשבתא	8		REVIEW_GATE שבתא/-/b "בשבתון" n=8	{שבתא} n שבתון[k:def:targum] ; שבת[j:same:targum+bavli+yerushalmi+midrash] || J(שַׁבְּתָא ch): Sabbath; sing.; week || J(שְׁבָתָא): rest, solemn observance
625	בשוקי	8		NO ANALYSIS	
626	דאברהמ	8		NO ANALYSIS	
627	דאנהיג	8		NO ANALYSIS	
628	דבריא	8		AMBIGUOUS_SENSE דברא: שדה | תנועה, התנהגות	{דברא} n שדה[k:def] ; תנועה, התנהגות[k:def] || K: name of a place | Ortsname || J(דַּבָּרָא I): drive, way of moving || J(דַּבָּרָא II): bees || J(דַּבְרָא): pasture, field; Dabra
629	דכבה	8		NO ANALYSIS	
630	דלאו	8	שלא	דלאו/-/-/reviewed/reviewed form: ד + לָאו "not" (Jastrow לָאו)	
631	דלונו	8		NO ANALYSIS	
632	דמלכות	8		NO ANALYSIS	
633	דמרא	8		NO ANALYSIS	
634	דמשה	8		NO ANALYSIS	
635	דרוש	8		REVIEW_GATE דרש/pe.ptcp.ms/- "דורש" n=8	{דרש} v הורה בצבור[k:def:pe:bavli] ; דרש[j:same:pe:targum+bavli+midrash+yerushalmi+tanakh] || K: to interpret | auslegen || J(דָּרַשׁ bh): to examine, question; to expound, interpret; to teach, lecture. || J(דְּרַשׁ ch): lecturer; to be interpreted
636	דרושימ	8		NO ANALYSIS	
637	דתפוחינ	8		AMBIGUOUS תפוח/n.pl "של נרקב" ~ תפוחא/n.pl "של תפוח"	{תפוח} adj צבח ונפוח[k:def] ; נרקב[k:def:bavli] || J(תַּפּוּחַ bh): round; apple; apple tree; the fleshy part of the heel
638	הפרט	8		NO ANALYSIS	
639	ואית	8	ויש	ואית/-/-/reviewed/reviewed form: ו + אִית	
640	ואספר	8		NO ANALYSIS	
641	וארממנהו	8		NO ANALYSIS	
642	ודבקנו	8		NO ANALYSIS	
643	וחגינ	8		NO ANALYSIS	
644	ויזנב	8		NO ANALYSIS	
645	ויחשפ	8		NO ANALYSIS	
646	וכונותיה	8		NO ANALYSIS	
647	ולרביע	8		NO ANALYSIS	
648	ומכניע	8		NO ANALYSIS	
649	ומסגא	8		NO ANALYSIS	
650	ומציונ	8		NO ANALYSIS	
651	ומרוממ	8		NO ANALYSIS	
652	ונמליככ	8		NO ANALYSIS	
653	ונתעודד	8		NO ANALYSIS	
654	וסיעתא	8		NO ANALYSIS	
655	ופורקנא	8		NO ANALYSIS	
656	ורוחינ	8	ורוחות	rev:רוחינ/n.pl/w/reviewed-base/a proclitic on the reviewed form רוחינ; the same analysis published in zohar	
657	ותגביה	8		NO ANALYSIS	
658	ותחננו	8		NO ANALYSIS	
659	ותעצמות	8		NO ANALYSIS	
660	חגא	8	חג	חגא/-/-/exact/the sense cited from targum; the same analysis published in onkelos	{חגא} n חג ומועד[k:def:bavli] ; חג הסוכות[k:def:midrash] ; חג[j:same:targum+bavli+tanakh+midrash+yerushalmi] || K: name of an Amora | Name eines Amoräers || J(חַגָּא I ch): ḥag
661	חונ	8		REVIEW_GATE חננ/-/- "אנחנו" n=8	{חננ} v אנחנו[k:def:yerushalmi] || J(חָנַן): to cover, surround; to caress, grace, favor; Part. pass
662	חילא	8	כח	חילא/-/-/reviewed/reviewed form: Jastrow חֵילָא "strength, host"	{חילא} n  || J(חֵילָא II): valley || J(חֵילָא III): vinegar
663	חסו	8		NO ANALYSIS	
664	חרוז	8		REVIEW_GATE חרז/pe.ptcp.ms/- "דוחק · סידר והרצה" n=8	{חרוז} ?  ||   ##  {חרז} v דחק[k:def:pe:midrash] ; סידר והרצה[k:def:pe:midrash] ; חרז[j:same:pe:bavli+midrash] || K: to string | aufreihen || J(חָרַז bh): to bore holes, to carry thread through a hole; to squeeze into; to string || J(חֲרַז ch): to sting, perforate; to string beads;; to compare verses
665	חש	8		REVIEW_GATE חוש/-/- "דאג" n=8	{חוש} n עבי[k:def] ; דאג[k:def:bavli] || K: to be affected | Schmerz empfinden || J(חוּשׁ I): thick substance; knots || J(חוּשׁ II bh): to feel, press; to feel pain, be affected; to apprehend, consider || J(חוּשׁ ch): to feel, suffer, be troubled; to apprehend, care for; to be anxious, hasten to, flee
666	טלא	8		REVIEW_GATE טלא/-/- "צעיר" n=8	{טלא} adj צעיר[k:def:targum] || 
667	טמיר	8		REVIEW_GATE טמיר/-/- "נסתר" n=8	{טמיר} adj נסתר[k:def:targum] || J(טָמִיר): hidden, secret;; secrecy; to live hidden
668	יאחזמו	8		NO ANALYSIS	
669	יוהוווהו	8		NO ANALYSIS	
670	יוכיח	8		NO ANALYSIS	
671	ייתי	8	יבוא	אתא/af.impf.3ms/-/irregular/reviewed choice; the same analysis published in onkelos	{אתא} v סימן[k:def:targum] ; בא[k:def:pe:bavli] ; הביא[r:reviewed:af] || J(אָתָא I): letter, sign || J(אֲתָא ch): to join; to come, to arrive; to occur to; surely, indeed || J(*אָתָא III): Great Bear, Ursa Major
672	יכסימו	8		NO ANALYSIS	
673	יסתרני	8		NO ANALYSIS	
674	יעודד	8		NO ANALYSIS	
675	יעלצ	8		NO ANALYSIS	
676	יפנ	8		NO ANALYSIS	
677	יצו	8		NO ANALYSIS	
678	ישמרהו	8		NO ANALYSIS	
679	כחמה	8		NO ANALYSIS	
680	לאתענגא	8		NO ANALYSIS	
681	לבאי	8		NO ANALYSIS	{לבאי} n  || J(לְבָאֵי): dried up, laid dry
682	לבושינ	8	לבושים	לבושינ/-/-/reviewed/reviewed form: plural of לְבוּשָׁא	
683	לחמא	8		NO_HEBREW_SENSE לחמ	{לחמ} v לחם[j:same:targum+bavli+midrash+tanakh] || J(לָחַם I): to join; to be joined, be inserted; to fit, insert; to tenon || J(לָחַם II bh): to join; Nithpa.; to come in || J(לֶחֶם bh): to chew; food, bread;; meat || J(לְחֵם ch): meat, flesh; laḥma
684	למיא	8		NO_HEBREW_SENSE למא	{למא} particle  || K: wherefore? | weshalb || K: naught | Nichts || J(לְמָא I): wherefore? || J(לְמָא II): naught, vanity
685	לתמיד	8		NO ANALYSIS	
686	מדחי	8		NO ANALYSIS	
687	מדלגימ	8		NO ANALYSIS	
688	מזוני	8		NO_HEBREW_SENSE מזונ	{מזונ} n מזון[j:same:tanakh+targum+bavli] || J(מָזוֹן bh): food, sustenance; meal; alimentation; mazon || J(מָזוֹן ² ch): ḥok
689	נדגל	8		NO ANALYSIS	
690	נו	8		REVIEW_GATE נו/-/- "הוא, היא" n=8	{נו} other הוא, היא[k:def] || J(נוּ): itself; it indeed
691	נזלימ	8		NO ANALYSIS	
692	נערמו	8		NO ANALYSIS	
693	נפשא	8	נשמה, נפש	נפשא/-/-/exact/the sense cited from bavli; the same analysis published in onkelos	{נפשא} n נשמה, נפש[k:def:bavli] || K: name of a place | Ortsname
694	נקדיש	8		NO ANALYSIS	
695	נקני	8		NO ANALYSIS	
696	נשיח	8		NO ANALYSIS	
697	עשתנתיו	8		NO ANALYSIS	
698	פונ	8		REVIEW_GATE פונ/-/- "איפוא, לו" n=8	{פונ} other איפוא, לו[k:def:targum] || J(פּוֹן): turn; would, might
699	פיוט	8		REVIEW_GATE פיוט/-/- "שירה" n=8	{פיוט} n שירה[k:def:midrash] || J(פִּיּוּט): talk, story-telling.; hymn; to alphabetical acrostics
700	פקיד	8		REVIEW_GATE פקד/pa.perf.3ms/- "נתן צו" n=8	{פקיד} n  || J(פָּקִיד bh): appointed to examine, officer, commissioner.  ##  {פקד} v נתן צו[k:def:pa] ; פקד[j:same:pe:targum+bavli+midrash] || J(פָּקַד bh): to search, examine; to visit; to have marital connection with || J(פְּקַד ch): to command; Ithpa.; Pa.
701	צפרא	8	בוקר	צפרא/-/-/exact/reviewed choice; the same analysis published in onkelos	{צפרא} n שריקה[k:def:yerushalmi] ; בוקר[k:def:targum+bavli] || 
702	קמנו	8		NO ANALYSIS	
703	קפאו	8		NO ANALYSIS	
704	שכינתא	8	שכינה	שכינתא/-/-/reviewed/reviewed form: Jastrow שְׁכִינְתָּא = h. שְׁכִינָה	
705	תגפ	8		NO ANALYSIS	
706	תופיע	8		NO ANALYSIS	
707	תוקפ	8		NO ANALYSIS	{תוקפ} n  || J(תּוֹקֶף bh): strength, power; ethans
708	תורישמו	8		NO ANALYSIS	
709	תמלאמו	8		NO ANALYSIS	
710	תעודה	8		NO ANALYSIS	
711	תקונינ	8		NO ANALYSIS	
712	תרדופ	8		NO ANALYSIS	
713	תרופה	8		NO ANALYSIS	{תרופה} n  || J(תְּרוּפָה bh): release, healing
714	אה	7		NO ANALYSIS	
715	אזמינ	7		NO_HEBREW_SENSE זמנ	{זמנ} v הכין[k:def:mishnah] ; קרא לסעודה וכדומה[k:def:bavli] ; בירך ברכת הזימון[k:def:mishnah] ; נקרה[k:def:itpa:bavli] ; הוזמן[k:def:itpa:midrash] ; זמן[j:same:pe:targum+bavli+midrash] ; זמן[j:same:targum+bavli] ; אהל מועד[j:eq:targum+bavli] || J(זָמַן bh): to arrange, designate; to invite; to a meal || J(זְמַן I ch): Part. pass; ready, prepared; to invite; to appoint; to summon; to prepare || J(זְמָן bh): appointed time, term, time; in the case of, when, if; in its prescribed || J(זְמַן II ch): at times; at other times; appointed banquets
716	אערוכ	7		NO ANALYSIS	
717	ארריכ	7		NO ANALYSIS	
718	אשריכמ	7		NO ANALYSIS	
719	אתא	7	בא	אתא/-/-/exact/reviewed choice; the same analysis published in onkelos	{אתא} v סימן[k:def:targum] ; בא[k:def:pe:bavli] ; הביא[r:reviewed:af] || J(אָתָא I): letter, sign || J(אֲתָא ch): to join; to come, to arrive; to occur to; surely, indeed || J(*אָתָא III): Great Bear, Ursa Major
720	אתמר	7	נאמר	אתמר/-/-/reviewed/reviewed form: Jastrow אֲמַר Ithpe. contr. אִתְּמַר "it has been said" = h. נֶאֱמַר; Hebrew Wiktionary אִתְּמַר "נאמר"	{אתמר} ? נאמר[h:wikt] || 
721	בג	7		NO ANALYSIS	
722	בגוה	7		NO ANALYSIS	
723	בדוכנו	7		NO ANALYSIS	
724	בדוכנמ	7		NO ANALYSIS	
725	בישא	7	רע	בישא/-/-/reviewed/reviewed form: Jastrow בִּישׁ "bad"	{בישא} adj רע[k:def:midrash] ; חולה[k:def:midrash] || 
726	בליליא	7	בלילה	rev:ליליא/n.pl/b/reviewed-base/a proclitic on the reviewed form ליליא; the same analysis published in onkelos	
727	במאמר	7		NO ANALYSIS	
728	ברכאנ	7	ברכות	ברכאנ/-/-/reviewed/reviewed form: plural of בִּרְכְתָא (Jastrow = h. בְּרָכָה)	
729	ברכוני	7		NO ANALYSIS	
730	בשבעינ	7		NO ANALYSIS	
731	בשמאלה	7		NO ANALYSIS	
732	דאהרנ	7		NO ANALYSIS	
733	דאנפינ	7		NO ANALYSIS	
734	דההוא	7		NO ANALYSIS	
735	דהכי	7		NO ANALYSIS	
736	דודה	7		REVIEW_GATE דוד/-/- "בֶּן דָּוִד כנוי למשיח" n=7	{דוד} ? בֶּן דָּוִד כנוי למשיח[k:def:bavli] || J(דּוֹד bh): friend, lover, beloved;; the Lord; uncle, father’s brother
737	דיליה	7	שלו	pron:דיליה/fixed/-/pronominal/pronominal preposition table; the same analysis published in bavli	
738	דליתנו	7		NO ANALYSIS	
739	דמיונ	7		NO ANALYSIS	
740	דנטיר	7		NO ANALYSIS	
741	דסכות	7		NO ANALYSIS	
742	הדא	7	זה, זאת	הדא/-/-/exact/single sense; the same analysis published in onkelos	{הדא} other זה, זאת[k:def] || 
743	הדסה	7		NO ANALYSIS	{הדסה} n  || J(הֲדַסָּה bh): Hădassah
744	היכלא	7	היכל	היכלא/-/-/exact/the sense cited from targum; the same analysis published in zohar	{היכלא} ? היכל[j:same:targum+bavli+yerushalmi+midrash+tanakh] || 
745	המדריכנו	7		NO ANALYSIS	
746	הפודנו	7		NO ANALYSIS	
747	השונה	7		NO ANALYSIS	
748	ואלינ	7	ואלה	ואלינ/-/-/reviewed/reviewed form: ו + אִלֵּין	
749	וחקל	7		NO ANALYSIS	
750	וליעול	7		NO ANALYSIS	
751	ולמחדי	7		NO ANALYSIS	
752	ולרצונ	7		NO ANALYSIS	
753	ומאנ	7	ומי	ומאנ/-/-/reviewed/reviewed form: ו + מַאן (Krupnik: מי)	
754	ומדבקימ	7		REVIEW_GATE דבק/n.pl/wm "ומנאחז ונתחבר" n=7	{דבק} v התחבר[k:def:midrash] ; הִתְדַּבֵּק התחבר והתאחד[k:def:itpe:bavli+midrash] ; נאחז ונתחבר[k:def:targum] ; דיבק וחיבר[k:def] ; היה דבוק וקשור[k:def] ; השיג והגיע[k:def:af:targum] ; רדף והשיג[k:def:af:targum] ; היה ביכלתו[k:def:af] ; התחבר אל־[k:def:itpe] ; היה מדובק ומחובר ביחד[k:def:itpe:midrash] ; חומר המדביק[k:def:mishnah] ; חיבור[k:def] ; דבק[j:same:pe:targum+bavli+midrash] || J(דָּבֵק bh): to cleave, adhere, stick; to join, glue, affix; Part. pass || J(דְּבֵק ch): to adhere; to paste, glue; to be attached, join || J(דֶּבֶק bh): glue, paste; junction; followers
755	ומשמני	7		NO ANALYSIS	
756	ועלזו	7		NO ANALYSIS	
757	ושוחקנ	7		NO ANALYSIS	
758	ותבדל	7		NO ANALYSIS	
759	ותמגר	7		NO ANALYSIS	
760	חביבי	7		NO ANALYSIS	
761	חקלא	7	שדה	חקלא/-/-/exact/the sense cited from targum; the same analysis published in onkelos	{חקלא} n שדה[k:def:targum+other] || 
762	חשוכימ	7		AMBIGUOUS_SENSE חשוכ: דל ורזה | עני	{חשוכ} adj כהה[k:def:mishnah] ; סר וזעף[k:def] ; דל ורזה[k:def:targum] ; עני[k:def:targum] ; חשוך[j:same:targum] || K: darkness | Finsternis || K: dark | finster || J(חָשׁוּךְ bh): dark, black; obscured, benighted; Pl. || J(חֲשׁוֹךְ ch): dark; lean, reduced, poor || J(חֲשׁוֹךְ ²): darkness; charred wick, snuff
763	טבתא	7	היה טוב	טב/-/-/alias/the sense cited from targum; the same analysis published in onkelos	{טב} v היה טוב[k:def:pe:targum] ; היטיב[k:def:af] ; טוב[k:def:bavli] ; שוה[k:def:yerushalmi] ; ראש ונשיא[k:def:yerushalmi] ; יותר[k:def:bavli] ; טוב[j:eq:targum] ; טוב[h:wikt] || J(טַב I): to be good, well; to feel well, be satisfied, fare well; to do good || J(טַב II): good, precious; worth, valued; best man, elder, officer
764	יועזר	7		NO ANALYSIS	
765	יכוונ	7		NO ANALYSIS	
766	ימישונ	7		NO ANALYSIS	
767	ישמרני	7		NO ANALYSIS	
768	כהנא	7	כהן	כהנ/-/-/alias/the sense cited from targum; the same analysis published in zohar	{כהנ} n כהן[j:eq:targum+bavli] || J(כֹּהֵן bh): standing, stationed; officer; priest || J(כָּהַן bh): Nithpa.; to be appointed priest, to act as priest || J(כָּהֵן ch): Fem || J(כָּהֵן ²): Kahen, Kahăna
769	כיי	7		REVIEW_GATE כיי/-/- "כענין" n=7	{כיי} ? כענין[k:def:yerushalmi] || 
770	כללות	7		REVIEW_GATE כלל/n.pl/- "סך הכל" n=7	{כלל} v הכתיר[k:def:pa:midrash] ; חיבר[k:def:pe:yerushalmi] ; הוכתר[k:def:itpa:midrash] ; נכנס לחופה[k:def:itpa:bavli] ; חוק ועיקר[k:def:mishnah] ; צבור[k:def] ; סוג הכולל[k:def] ; סך הכל[k:def:bavli] ; כלל[j:same:pe:targum+yerushalmi+bavli+midrash+tanakh] || J(כָּלַל bh): to surround, comprise, include; Part. pass; included || J(כְּלַל ch): to surround, crown; to make whole, combine; to surround, crown || J(כְּלָל): general rule, principle; under the influence of; community
771	לאחזאה	7		NO ANALYSIS	
772	לבזיכינ	7		NO ANALYSIS	
773	לבר	7	לחוץ	לבר/-/-/reviewed/reviewed form: Jastrow בַּר ch.: outside	
774	להחבירה	7		NO ANALYSIS	
775	להמשיל	7		NO ANALYSIS	
776	לוריא	7		NO ANALYSIS	
777	ליעול	7		NO ANALYSIS	
778	למנוחיכי	7		NO ANALYSIS	
779	לסדרא	7		NO ANALYSIS	
780	לקדשא	7		AMBIGUOUS rev:קדשא/ "לקדוש" ~ קדשא/ "לנזם"	
781	מגברי	7		REVIEW_GATE גבר/n.pl/m "מהיה חזק, הלך וגדול" n=7	{גבר} v היה חזק, הלך וגדול[k:def:pe:bavli+targum] ; חיזק[k:def:pa:targum] ; עשה שיתגבר[k:def:af:bavli] ; איש[k:def:bavli] ; גבר[j:same:pe:targum+bavli] ; גבר[j:same:targum+bavli+midrash] || K: a certain man, euphem: I, thou | ein gewisser Mann, (euphem): ich, du || J(גָּבַר bh): to be uppermost, prevail; to be strong; to make strong, strengthen, sustain; to grow stron || J(גְּבַר I ch): Pi.; growing, swelling; to make strong, to cause to overpower || J(גֶּבֶר bh): man, master; cock.; m
782	מדלקת	7		NO ANALYSIS	
783	מושיבי	7		NO ANALYSIS	
784	מירונ	7		REVIEW_GATE מירונ/-/- "בגליל" n=7	{מירונ} other בגליל[k:def:tosefta] || 
785	ממשלותיו	7		NO ANALYSIS	
786	מקימי	7		NO ANALYSIS	
787	מתעטרא	7		REVIEW_GATE עטר/itpe.ptcp.fs/- "היה מעוטר" n=7	{עטר} v אזל, כלה[k:def:pe:targum] ; עשן[k:def:pe:targum] ; קישט[k:def:pa:bavli] ; ביטל, הרחיק[k:def:pa:targum] ; היה מעוטר[k:def:itpe:targum] || J(עָטַר bh): to cut off, surround; to wreathe, adorn; to crown, offer a crown || J(עֲטַר I): Part. pass.; surrounded, guarded; distinguished || J(עַטַר II): to be gone; tocease entirely; Part. pass.; removed || J(עֲטַר III): to whirl around; to smoke
788	נפיק	7	יוצא	נפיק/-/-/reviewed/reviewed form: נְפַק, participle	{נפיק} n  || J(נָפִיק): quick, alert
789	סגיא	7		AMBIGUOUS_SENSE סגיא: גדול, רב | רוב, כמות	{סגיא} adj גדול, רב[k:def:targum+tanakh] ; רוב, כמות[k:def:targum] ; גדר[k:def] || K: name of a canal in Babylonia | Name eines Kanals in Babylonien || J(סַגְיָא II): fence
790	עטורינ	7		NO ANALYSIS	
791	עליונימ	7		NO_HEBREW_SENSE עליונ	{עליונ} n  || J(עֶלְיוֹן bh): uppermost, highest; most high; lof; Fem
792	עמיקא	7		REVIEW_GATE עמיק/n.sg/- "עמוק" n=7	{עמיק} n עמוק[j:eq:targum+bavli+midrash+tanakh] || J(עַמִּיק): deep; faint, light-shaded; obscure, indistinct; profound || J(עַמִּיק ²): dark inflamed spot, rising, swelling
793	ענפינ	7		NO ANALYSIS	
794	עקתינ	7		NO_HEBREW_SENSE עקתא	{עקתא} n  || J(עָקְתָא II): narrows; distress
795	פורקנ	7		AMBIGUOUS_SENSE פורקנ: פדיון | גאולה	{פורקנ} n פדיון[k:def:targum] ; גאולה[k:def:targum] || J(פּוּרְקָן): redemption money, redemption; delivery
796	פצ	7		NO ANALYSIS	{פצ} n  || J(פַּץ): to split; board.
797	צדיקא	7		NO_HEBREW_SENSE צדיק	{צדיק} n צדיק[j:same:targum+bavli] || J(צַדִּיק bh): virtuous, just, pious man; Fem. || J(צַדִּיק ² ch): pl.; Pl.; Fem.
798	קדישתא	7		NO_HEBREW_SENSE קדש	{קדש} v קדש[j:same:pe:bavli+targum+midrash] || J(קָדַשׁ bh): to be cut off, separated; to be, become pure, sacred, holy; to sanctify || J(קְדַשׁ ch): to be sanctified, sacred; Ithpa.; Pi., to sanctify; to proclaim; to betroth || J(קָדֵשׁ bh): cut off, rejected; sodomite; Fem.
799	קונכ	7		NO ANALYSIS	
800	קמכ	7	לפניך	pron:קמכ/fixed/-/pronominal/pronominal preposition table; the same analysis published in zohar	
801	קריננ	7		AMBIGUOUS קרא/pe.ptcp.1pl "מקרא" ~ קרי/pe.ptcp.1pl "עיר, קריה"	{קרא} n קשוא בצורת בקבוק[k:def:bavli] ; בקי במקרא[k:def] ; קרא[j:same] ; מקרא[j:eq:targum+bavli] ; דלעת[h:wikt] || K: Biblical verse | Bibelvers || J(קָרָא I): pumpkin, gourd; all kinds of gourds || J(קָרָא II): to call || J(קְרָא II): Biblical verse; babboḳer || J(קַרָא): a Biblical scholar, Bible teacher; Pl.; Karaites
802	רוממי	7		NO ANALYSIS	
803	רונ	7		NO ANALYSIS	
804	רזינ	7	סודות	רזינ/-/-/reviewed/reviewed form: plural of רָזָא	
805	רישא	7	ראש	רישא/-/-/reviewed/reviewed form: Krupnik רֵישׁ "ראש, גלגולת" (first alternative); the Gemara's רישא = the head (first clause)	
806	רסיסי	7		NO ANALYSIS	
807	שבחוהו	7		NO ANALYSIS	
808	שהשלומ	7		NO ANALYSIS	
809	שית	7	ששה	שית/-/-/exact/the sense cited from targum; the same analysis published in zohar	{שית} n יסוד, מסד[k:def:mishnah] ; ששה[k:def:targum+tanakh] ; ששה[k:def:targum+tanakh] ; שש[j:eq:targum+bavli] || J(שִׁית I bh): to place, set, make || J(שִׁית II): foundation; bottom; Shith, a pit by the side of the altar || J(שִׁית III): wild fig.—Pl. || J(שִׁית): six.; sixty; sixteen; sixteenth
810	שלימא	7		REVIEW_GATE שלימא/-/- "שלם, תמים" n=7	{שלימא} adj שלם, תמים[k:def:targum+tanakh] || 
811	שלשלמה	7		NO ANALYSIS	
812	שמשי	7		REVIEW_GATE שמשא/n.pl/- "חמה, שמש" n=7	{שמשי} n  || J(שִׁמְשַׁי): Shimshai  ##  {שמשא} n חמה, שמש[k:def:midrash] ; קדחת[k:def:bavli] ; שמש[j:same:targum+bavli+midrash+tanakh] ; שמש[j:eq:targum+yerushalmi] || J(שִׁמְשָׁא ch): Pl.; at twilight; Friday evening, Sabbath eve || J(שַׁמָּשָׁא): prostitute
813	שנותינו	7		NO ANALYSIS	
814	שקלי	7		NO ANALYSIS	
815	שראשי	7		NO ANALYSIS	
816	תאנא	7	שנינו	תאנא/-/-/reviewed/reviewed form: Zoharic תָּאנָא "we have learned"	
817	תדמ	7		NO ANALYSIS	
818	תיסרנו	7		NO ANALYSIS	
819	תעתענו	7		NO ANALYSIS	
820	תפרוש	7		NO ANALYSIS	
821	תרקדו	7		NO ANALYSIS	
822	תתחזק	7		NO ANALYSIS	
823	תתעטפ	7		NO ANALYSIS	
824	אבהנ	6	אבות	אבהנ/-/-/reviewed/reviewed form: plural of אַבָּא	
825	אבחנכ	6		NO ANALYSIS	
826	אופ	6	גם	אופ/-/-/reviewed/reviewed form: Jastrow אוּף "also"	{אופ} n גם[k:def] || J(אוֹף I): too, also || J(אוֹף II): nature
827	אזלא	6		REVIEW_GATE אזל/pe.ptcp.fs/- "הולכת" n=6	{אזל} v הלך[k:def:pe:bavli] ; טוה[k:def:pe:bavli] || J(אֲזַל I bh): to be gone, to leave; to go; Imper; to depart life, die || J(אֲזַל II): to spin, weave
828	אכניע	6		NO ANALYSIS	
829	אסדר	6		NO ANALYSIS	
830	אערכ	6		NO ANALYSIS	
831	ארכא	6		REVIEW_GATE ארכא/-/- "ארוכה" n=6	{ארכא} n ארוכה[j:eq:targum] || J(אַרְכָא I): meshes, ranges, intervals || J(אַרְכָא II): duration, term, limit; extension of time. || J(אַרְכָא III): healing, restoration
832	אשביעכ	6		NO ANALYSIS	
833	אשלימ	6		NO_HEBREW_SENSE שלמ	{שלמ} v כלה ונגמר[k:def:itpa] ; נפרע הכסף[k:def:itpa] ; שלם[j:same:pe:targum+bavli] ; שלום[j:eq:targum+bavli+yerushalmi] || K: to end | zu Ende sein || J(שָׁלֵם bh): to be whole, complete; to end, cease; to complete, finish; to finish the fast-day || J(שִׁלֵם ch): to be perfect, complete, finished, spent; to be peaceful, sincere, friendly; to complete,  || J(שָׁלֵם II bh): preced; whole, complete; Fem. || J(שְׁלָם): perf
834	אתונ	6	אתם	pron:אתונ/fixed/-/pronominal/pronominal preposition table; the same analysis published in onkelos	{אתונ} other אתם[k:def:yerushalmi] || 
835	בחינת	6		NO ANALYSIS	
836	ביהוספ	6		NO ANALYSIS	
837	בכלא	6	בכל	בכלא/-/-/reviewed/reviewed form: ב + כֹּלָּא	
838	בסערה	6		NO ANALYSIS	
839	בספרא	6		NO ANALYSIS	
840	בפתורא	6		REVIEW_GATE פתורא/-/b "בשולחן" n=6	{פתורא} n שולחן[k:def:bavli+targum] || 
841	בצדקו	6		NO ANALYSIS	
842	גבריאל	6		NO ANALYSIS	
843	דאילנא	6		REVIEW_GATE אילנ/-/d "של עץ" n=6	{אילנ} n עץ[k:def:midrash] ; אילן[j:same:targum+bavli+midrash] || J(אִילָּן): oak; tree.
844	דאינונ	6	שהם	pron:אינונ/fixed/d/pronominal/pronominal preposition table; the same analysis published in zohar	
845	דגופא	6	של גוף	גופא/-/d/exact/the sense cited from targum; the same analysis published in zohar	{גופא} n גוף[k:def:midrash] ; עיקר הדבר[k:def] ; הלא יש סתירה בדבר[k:def:bavli] ; גוף[j:same:targum+midrash+bavli+yerushalmi] || K: i>Zitierungsform in der talmudischen Diskussion, wenn ein vorher gelegentlich angeführter Ausspruch zum Hauptgegenstand der Erörterung werden soll || J(גּוּפָא ch): body; self, substance; Gufa
846	דול	6		REVIEW_GATE דול/-/- "דלי" n=6	{דול} n דלי[k:def:bavli] || J(דּוּל): to wind, draw water; to wind up, make skeins, prepare for spinning; to be drawn from, to g
847	דורשיכ	6		NO ANALYSIS	
848	דחקל	6		NO ANALYSIS	
849	דיצחק	6		NO ANALYSIS	
850	דכלהו	6	שכולם	pron:כלהו/fixed/d/pronominal/pronominal preposition table; the same analysis published in zohar	
851	דכרינ	6		REVIEW_GATE דכר/n.pl/- "זכר" n=6	{דכר} v זכר, פקד[k:def:pe:bavli] ; הזכיר[k:def:af:yerushalmi] ; העלה בזכרונו[k:def:itpe] ; נזכר[k:def:itpe:targum] ; זכר[k:def:midrash] ; איל[k:def] ; בעל תאוה[k:def:midrash] ; תרנגול[k:def] ; יחור זכר[k:def] ; זכר[j:eq:targum+bavli] ; זכר[j:eq:targum+midrash+bavli+mishnah] || J(דְּכַר I): to mark; to remember; remembering, reminded || J(דְּכַר II): marked; male, man; the male of the flock, ram
852	דלות	6		REVIEW_GATE דלות/-/- "עניות" n=6	{דלות} n עניות[k:def] || J(דַּלּוּת): poverty; dalluth;; dalluth
853	דמנחה	6		NO ANALYSIS	
854	דמעלי	6		NO ANALYSIS	
855	דנהיר	6		NO ANALYSIS	
856	דער	6		NO ANALYSIS	
857	דפרטי	6		NO ANALYSIS	
858	דרגינ	6	דרגות	דרגינ/-/-/reviewed/reviewed form: plural of דַּרְגָּא (reviewed: מדרגה)	
859	דשחט	6		NO ANALYSIS	
860	דשתה	6		NO ANALYSIS	
861	המנחיל	6		NO ANALYSIS	
862	המתיחסימ	6		NO ANALYSIS	
863	הפיצכ	6		NO ANALYSIS	
864	וא	6		NO ANALYSIS	
865	ואברימ	6		NO ANALYSIS	
866	ואחלצכ	6		NO ANALYSIS	
867	ואשלחהו	6		NO ANALYSIS	
868	ובהאי	6	ובזה	rev:בהאי/-/w/reviewed-base/a proclitic on the reviewed form בהאי; the same analysis published in zohar	
869	ובמרא	6		NO ANALYSIS	
870	והמקיצ	6		NO ANALYSIS	
871	והקניט	6		NO ANALYSIS	
872	וזעיר	6		NO ANALYSIS	
873	ויעקד	6		NO ANALYSIS	
874	וישוררו	6		NO ANALYSIS	
875	וכרצונ	6		NO ANALYSIS	
876	ולרישי	6		NO ANALYSIS	
877	ונגדלכ	6		NO ANALYSIS	
878	ונהורא	6	ואור	rev:נהורא/-/w/reviewed-base/a proclitic on the reviewed form נהורא; the same analysis published in zohar	
879	ונכרעה	6		NO ANALYSIS	
880	וננ	6		NO ANALYSIS	
881	ונפוצותינו	6		NO ANALYSIS	
882	וספירה	6		NO ANALYSIS	
883	וצדקניות	6		NO ANALYSIS	
884	ורא	6		NO ANALYSIS	
885	ורדפהו	6		NO ANALYSIS	
886	ורוממנו	6		NO ANALYSIS	
887	ושריונ	6		NO ANALYSIS	
888	ותגזר	6		NO ANALYSIS	
889	ותגמלנו	6		NO ANALYSIS	
890	ותוללינו	6		NO ANALYSIS	
891	ותכניע	6		NO ANALYSIS	
892	ותלת	6	ושלש	תלת/-/w/exact/the sense cited from targum; the same analysis published in onkelos	{תלת} v חילק לשלשה חלקים[k:def:pa:targum] ; עשה בפעם השלישית[k:def:pa:targum] ; נעשה בפעם השלישית[k:def:itpe:targum] ; שלש[j:eq:targum+bavli+yerushalmi] || J(תַּלֵּת): to divide into three parts; to do a third time; Part. pass || J(תְּלַת): three; on the third; thirteen
893	ותצעידנו	6		NO ANALYSIS	
894	ותרצני	6		NO ANALYSIS	
895	ותשפיע	6		NO ANALYSIS	
896	ותתננו	6		NO ANALYSIS	
897	זמינ	6	מוכן ומזומן	זמינ/-/-/exact/the sense cited from targum; the same analysis published in zohar	{זמינ} adj מוכן ומזומן[k:def:targum] || 
898	חביבינ	6		AMBIGUOUS_SENSE חביב: אהוב	{חביב} adj אהוב[k:def:mishnah] ; חביב[j:same:targum] || J(חָבִיב I): beloved, dear, precious; favored, privileged.; Fem. || J(חָבִיב ch): Fem.; Ithpa. || J(חָבִיב ²): connected; uncle, father’s brother; Fem.
899	חמול	6		NO ANALYSIS	
900	חתמננ	6		NO ANALYSIS	
901	טבועימ	6		NO ANALYSIS	
902	טהרני	6		NO ANALYSIS	
903	טועמיה	6		NO ANALYSIS	
904	יבטול	6		NO ANALYSIS	
905	ידכאו	6		NO ANALYSIS	
906	יומי	6		NO_HEBREW_SENSE יומ	{יומ} ? יום[j:same:targum+bavli+midrash] || J(יוֹם bh): light, day; astronomical; day; || J(יוֹם ² ch): at once; of the same day, one day old, used the same day; Yoma
907	יזדקק	6		NO ANALYSIS	
908	יחודא	6	אחדות ויחידות	יחודא/-/-/exact/the sense cited from targum; the same analysis published in zohar	{יחודא} n אחדות ויחידות[k:def:targum] || 
909	יני	6		NO_HEBREW_SENSE יני	{יני} v הונה ורמה[k:def:targum] ; הניא, הסיר[k:def:targum] || J(יני): Hif.; to oppress, treat overbearingly, vex, taunt || J(יְנִי II): to be undecided, waver; to cause to waver, discourage
910	יסעדני	6		NO ANALYSIS	
911	ישאבונ	6		NO ANALYSIS	
912	ישעשעו	6		NO ANALYSIS	
913	יתאמרו	6		NO ANALYSIS	
914	יתה	6	אותה	pron:יתה/fixed/-/pronominal/pronominal preposition table; the same analysis published in onkelos	{יתה} other אותה[k:def:targum] || 
915	כבסני	6		NO ANALYSIS	
916	כגונא	6		NO ANALYSIS	
917	כוכביא	6		NO_HEBREW_SENSE כוכב	{כוכב} n כוכב[j:same:targum+yerushalmi+bavli+midrash] || J(כּוֹכָב bh): rounded, globe; star, planet || J(כּוֹכָב ² ch): the planet Mercury; Venus; comet
918	כינתה	6		NO ANALYSIS	
919	לאישונ	6		REVIEW_GATE אשונ/-/l "לזמן ומועד" n=6	{אשונ} n זמן ומועד[k:def:targum] || J(אֲשׁוּן): essence || J(אָשׁוּן): hard
920	לאתעטרא	6		NO ANALYSIS	
921	להושענא	6		NO ANALYSIS	
922	להתחדש	6		NO ANALYSIS	
923	לחקל	6		NO ANALYSIS	
924	ליליא	6	לילה	ליליא/-/-/reviewed/reviewed form: Jastrow לֵילְיָא = h. לַיְלָה	
925	לפומ	6		REVIEW_GATE לפומ/-/- "על פי" n=6	{לפומ} other על פי[k:def:midrash] ; לפי[h:wikt] || J(לְפוּם): according to
926	לתורא	6		AMBIGUOUS rev:תורא/ "לשור" ~ תורא/ "לתור"	
927	מדלות	6		REVIEW_GATE דלות/-/m "מעניות" n=6	{דלות} n עניות[k:def] || J(דַּלּוּת): poverty; dalluth;; dalluth
928	מחוז	6		NO ANALYSIS	
929	מלכותא	6		REVIEW_GATE מלכותא/-/- "ממשלה" n=6	{מלכותא} n ממשלה[k:def:bavli] || J(מַלְכוּתָא): kingdom, rulership; Pl.
930	מלכותיה	6		NO_HEBREW_SENSE מלכות	{מלכות} n  || J(מַלְכוּת bh): kingdom, government; office.; a benediction invoking God as king; the references to the di
931	מלכתא	6		REVIEW_GATE מלכתא/-/- "עצה" n=6	{מלכתא} n מלכה[k:def:bavli] ; עצה[k:def:targum+tanakh] ; מלכה[j:eq:targum+bavli] || J(מִלְכְּתָא): counsel
932	ממגד	6		NO ANALYSIS	
933	מנוחתכ	6		NO ANALYSIS	
934	מעליא	6		REVIEW_GATE מעליא/-/- "טוב ומעולה" n=6	{מעליא} adj טוב ומעולה[k:def:targum+bavli] || J(מַעַלְיָא): good, perfect, valid
935	מפתגמי	6		NO ANALYSIS	
936	מרנ	6		NO ANALYSIS	
937	משמרה	6		NO ANALYSIS	{משמרה} n  || J(מִשְׁמָרָה): watch
938	מתרפקת	6		NO ANALYSIS	
939	נביאה	6		NO ANALYSIS	
940	נבראו	6		NO ANALYSIS	
941	נהירינ	6		REVIEW_GATE נהר/pe.ptcp.mp/- "האיר · נזכר" n=6	{נהר} v האיר[k:def:pe] ; נזכר[k:def:pe:yerushalmi] ; הואר[k:def:itpe:targum] ; נהר[j:same:pe:targum+bavli+midrash+yerushalmi] ; נהר[j:same:targum+midrash+bavli+yerushalmi] || K: to enlighten | erleuchten || J(נָהַר bh): to break forth, shine; to enlighten || J(נְהַר I ch): to shine; Part. pass; bright, clear || J(נָהָר bh): river, stream, canal || J(נְהַר II ch): N’har Abba
942	נעקד	6		NO ANALYSIS	
943	נערצ	6		NO ANALYSIS	
944	סגל	6		NO_HEBREW_SENSE סגל	{סגל} v רכש[k:def:pa:midrash] || J(סָגַל): Pi.; Safel; to heap up || J(סְגַל ch): to be round; to lay by, save
945	סררנו	6		NO ANALYSIS	
946	עאלינ	6	באים	עלל/pe.ptcp.mp/-/irregular/the sense cited from targum; the same analysis published in zohar	{עלל} v טיפל, עסק[k:def:pe:midrash] ; נכנס[k:def:pe] ; בא[k:def:pe:targum] ; הביא[k:def:af:targum] ; הובא והושם[k:def:itpe:targum] ; עלל[j:same:pe:targum+yerushalmi+bavli+midrash+tanakh] ; הכניס[r:reviewed:af] || J(עָלַל bh): Pol. to bring about; to go about; to superintend, be busy || J(עֲלַל I ch): to enter a town, a house; to come in; to set || J(עֲלַל II): that which is brought in; harvest, provision; income; ʿălalta
947	עלליכ	6		NO ANALYSIS	
948	עפעפי	6		NO ANALYSIS	
949	עקא	6		REVIEW_GATE עקא/-/- "צרה ומצוקה" n=6	{עקא} n צרה ומצוקה[k:def:bavli] || J(עָקָא): trouble, distress
950	פרישא	6		REVIEW_GATE פרישא/-/- "נפלא" n=6	{פרישא} adj נפלא[k:def:targum] || J(פָּרִישָׁא): wonderful deed, wonder.
951	פרצופ	6		NO ANALYSIS	{פרצופ} n  || K: face, visage | Gesicht, Bild, Gestalt || J(פַּרְצוֹף): face, visage, front; roḳem; ḥoshebh
952	פתורא	6	שולחן	פתורא/-/-/exact/the sense cited from targum; the same analysis published in onkelos	{פתורא} n שולחן[k:def:bavli+targum] || 
953	פתורה	6		NO ANALYSIS	
954	צדיקי	6		NO ANALYSIS	
955	צפרדע	6		NO ANALYSIS	{צפרדע} ?  || J(צְפַרְדֵּעַ): frog
956	צקונ	6		NO ANALYSIS	
957	קדמונ	6		NO ANALYSIS	{קדמונ} n  || J(קַדְמוֹן bh): ancient, originator
958	קוצותיו	6		NO ANALYSIS	
959	קמיה	6	לפניו	pron:קמיה/fixed/-/pronominal/pronominal preposition table; the same analysis published in bavli	
960	קרתא	6	עיר, קריה	קרתא/-/-/exact/reviewed choice; the same analysis published in onkelos	{קרתא} n קור[k:def:targum] ; עיר, קריה[k:def:yerushalmi] ; קרת[j:same:targum+yerushalmi] || J(קָרְתָא): cold
961	רא	6		NO ANALYSIS	
962	רבכ	6		NO ANALYSIS	
963	רויחא	6		NO ANALYSIS	
964	רי	6		NO_HEBREW_SENSE איסתוורא	{רי} ?  ||   ##  {איסתוורא} n  || J(אִיסְתְּוָורָא): to leap, stride;; ankle; foot-step
965	רפאל	6		NO ANALYSIS	
966	שירתא	6		REVIEW_GATE שירתא/-/- "שירה" n=6	{שירתא} n שירה[k:def:targum] ; שירה[j:eq:targum] || 
967	שנעקד	6		NO ANALYSIS	
968	שרא	6		REVIEW_GATE שרא/-/- "שר" n=6	{שרא} n שר[j:same:yerushalmi+midrash] || 
969	שתשכיבני	6		NO ANALYSIS	
970	תחנ	6		NO ANALYSIS	
971	תלאותינו	6		NO ANALYSIS	
972	תעל	6		REVIEW_GATE תעל/-/- "שועל" n=6	{תעל} n שועל[j:eq:midrash+bavli+targum+yerushalmi+tanakh] || J(תַּעַל): jackal; fox
973	תשביע	6		NO ANALYSIS	
974	תשפיע	6		NO ANALYSIS	
975	אזלת	5		NO ANALYSIS	
976	אזרח	5		NO ANALYSIS	{אזרח} n  || J(אֶזְרָח bh): planted; native, citizen; ezraḥ
977	אילנא	5	עץ	אילנ/-/-/alias/single sense; the same analysis published in onkelos	{אילנ} n עץ[k:def:midrash] ; אילן[j:same:targum+bavli+midrash] || J(אִילָּן): oak; tree.
978	אילנינ	5		REVIEW_GATE אילנ/n.pl/- "עץ" n=5	{אילנ} n עץ[k:def:midrash] ; אילן[j:same:targum+bavli+midrash] || J(אִילָּן): oak; tree.
979	אישונ	5		REVIEW_GATE אשונ/-/- "זמן ומועד" n=5	{אישונ} n  || J(אִישֹׁון): essence, exact time, season  ##  {אשונ} n זמן ומועד[k:def:targum] || J(אֲשׁוּן): essence || J(אָשׁוּן): hard
980	אלפינ	5		NO_HEBREW_SENSE אלפ	{אלפ} n אלף[j:same:targum+bavli+yerushalmi] || K: the first letter of the alphabet | der erste Buchstabe des Alphabets || J(אֶלֶף bh): thousand.; Du.; a million || J(אֲלַף II): to join, be joined; to become used; to learn, study, train one’s self; accustomed, used to
981	אנחה	5		NO ANALYSIS	{אנחה} n  || J(אֲנָחָה bh): sigh, grief
982	אסמינו	5		NO ANALYSIS	
983	אריותא	5		REVIEW_GATE אריותא/-/- "לביאה" n=5	{אריותא} n לביאה[k:def:targum] || 
984	אשחה	5		NO ANALYSIS	
985	אשתארו	5		NO_HEBREW_SENSE שאר	{שאר} v השאיר, שייר[k:def:pa:mishnah] ; שאר[j:same:pe:targum+bavli] ; שאר[j:same:targum+midrash] || J(שָׁאַר bh): to swell, rise; to run over;; to remain over; to be left over, reserved, preserved, spared || J(שְׁאַר I ch): to leave over; Ithpa.; to leave over, spare || J(שְׁאַר II): Pa.; to plant in beds || J(שְׁאֵר bh): preservation, existence; sustenance, alimentation; body, flesh || J(שְׁאָר b
986	אשתמודע	5	הכיר	אשתמודע/-/-/exact/reviewed choice; the same analysis published in onkelos	{אשתמודע} n הכיר[k:def:bavli] ; הכיר פנים[k:def:targum] ; נודע[k:def:targum] || K: relative | Verwandter || J(אִשְׁתְּמוֹדַע I): to satisfy one’s self from the evidence of friends, to have one identified; to recognise.; || J(אִשְׁתְּמוֹדַע II): one who proved himself a friend, acquaintance
987	אשתמודענ	5		NO ANALYSIS	
988	אתגלינ	5		NO ANALYSIS	
989	אתקריאו	5		NO_HEBREW_SENSE קרי	{קרי} n עיר, קריה[k:def:targum] ; קרי[j:same:pe:targum+bavli+midrash+tanakh+yerushalmi+other] ; קרי[j:same:pe:bavli] || J(קרי ² bh): to call, name; to invite; yeraëh; those called up to read from the Torah || J(קְרֵי I ch): to call, name, invite; to read; evil || J(קרי ³): to join; to meet; to meet, join || J(קְרֵי II ch): to join; to do something by accident; to happen || J(קרי ⁴): Pi.; to lay beams; to cover; to wa
990	באנונ	5		REVIEW_GATE pron:אנונ/fixed/b "בהם" n=5	
991	באסמיכ	5		NO ANALYSIS	
992	בארמנותיה	5		NO ANALYSIS	
993	בבינה	5		NO ANALYSIS	
994	בגבורות	5		NO_HEBREW_SENSE גבורה	{גבורה} n  || J(גְּבוּרָה bh): superiority, strength, might; Divine Majesty, the Lord; high age
995	בגלופינ	5		NO ANALYSIS	
996	בחרונ	5		NO ANALYSIS	
997	בחשבנ	5		NO ANALYSIS	
998	בכישור	5		NO ANALYSIS	
999	בלחישא	5		NO ANALYSIS	
1000	במותימו	5		NO ANALYSIS	
